WBID,bathymetry_url
00001BRID,https://a100.gov.bc.ca/pub/fidq/downloadBathymetricMap.do?filename=00232401.PDF
00001CHIL,https://a100.gov.bc.ca/pub/fidq/downloadBathymetricMap.do?filename=00325501.PDF
00001LNRS,https://a100.gov.bc.ca/pub/fidq/downloadBathymetricMap.do?filename=00296001.PDF
00001PARS,https://a100.gov.bc.ca/pub/fidq/downloadBathymetricMap.do?filename=00019601.PDF
00001QUES,https://a100.gov.bc.ca/pub/fidq/downloadBathymetricMap.do?filename=00213201.PDF
00001UNAR,https://a100.gov.bc.ca/pub/fidq/downloadBathymetricMap.do?filename=00192601.PDF
00002BONP,https://a100.gov.bc.ca/pub/fidq/downloadBathymetricMap.do?filename=00058501.PDF
00002KETL,https://a100.gov.bc.ca/pub/fidq/downloadBathymetricMap.do?filename=00278601.PDF
00002LARL,https://a100.gov.bc.ca/pub/fidq/downloadBathymetricMap.do?filename=00042101.PDF|https://a100.gov.bc.ca/pub/fidq/downloadBathymetricMap.do?filename=00132201.PDF
00002ULRD,https://a100.gov.bc.ca/pub/fidq/downloadBathymetricMap.do?filename=00304201.PDF
00002UPCE,https://a100.gov.bc.ca/pub/fidq/downloadBathymetricMap.do?filename=00179801.PDF|https://a100.gov.bc.ca/pub/fidq/downloadBathymetricMap.do?filename=00130701.PDF
00003BRKS,https://a100.gov.bc.ca/pub/fidq/downloadBathymetricMap.do?filename=00020101.PDF
00003LARL,https://a100.gov.bc.ca/pub/fidq/downloadBathymetricMap.do?filename=00042101.PDF|https://a100.gov.bc.ca/pub/fidq/downloadBathymetricMap.do?filename=00163901.PDF
00003PARA,https://a100.gov.bc.ca/pub/fidq/downloadBathymetricMap.do?filename=00030401.PDF
00003SAJR,https://a100.gov.bc.ca/pub/fidq/downloadBathymetricMap.do?filename=00054001.PDF
00003STHM,https://a100.gov.bc.ca/pub/fidq/downloadBathymetricMap.do?filename=00177601.PDF
00005LTRE,https://a100.gov.bc.ca/pub/fidq/downloadBathymetricMap.do?filename=00146701.PDF
00006CARR,https://a100.gov.bc.ca/pub/fidq/downloadBathymetricMap.do?filename=00169101.PDF|https://a100.gov.bc.ca/pub/fidq/downloadBathymetricMap.do?filename=00169102.PDF|https://a100.gov.bc.ca/pub/fidq/downloadBathymetricMap.do?filename=00169103.PDF|https://a100.gov.bc.ca/pub/fidq/downloadBathymetricMap.do?filename=00169104.PDF|https://a100.gov.bc.ca/pub/fidq/downloadBathymetricMap.do?filename=00169105.PDF
00006SMOK,https://a100.gov.bc.ca/pub/fidq/downloadBathymetricMap.do?filename=00128301.PDF
00007PARK,https://a100.gov.bc.ca/pub/fidq/downloadBathymetricMap.do?filename=00047701.PDF
00007USKE,https://a100.gov.bc.ca/pub/fidq/downloadBathymetricMap.do?filename=00133301.PDF
00008CHES,https://a100.gov.bc.ca/pub/fidq/downloadBathymetricMap.do?filename=00041701.PDF
00008VICT,https://a100.gov.bc.ca/pub/fidq/downloadBathymetricMap.do?filename=00208701.PDF|https://a100.gov.bc.ca/pub/fidq/downloadBathymetricMap.do?filename=00153101.PDF
00009CHES,https://a100.gov.bc.ca/pub/fidq/downloadBathymetricMap.do?filename=00234701.PDF
00009COTR,https://a100.gov.bc.ca/pub/fidq/downloadBathymetricMap.do?filename=00068701.PDF
00010PCEA,https://a100.gov.bc.ca/pub/fidq/downloadBathymetricMap.do?filename=00349701.PDF
00010SMOK,https://a100.gov.bc.ca/pub/fidq/downloadBathymetricMap.do?filename=00160701.PDF
00011TOOD,https://a100.gov.bc.ca/pub/fidq/downloadBathymetricMap.do?filename=00194601.PDF
00012HOMA,https://a100.gov.bc.ca/pub/fidq/downloadBathymetricMap.do?filename=00313701.PDF
00012PCEA,https://a100.gov.bc.ca/pub/fidq/downloadBathymetricMap.do?filename=00350101.PDF
00012SMOK,https://a100.gov.bc.ca/pub/fidq/downloadBathymetricMap.do?filename=00230301.PDF
00013CHES,https://a100.gov.bc.ca/pub/fidq/downloadBathymetricMap.do?filename=00059501.PDF
00013LSAL,https://a100.gov.bc.ca/pub/fidq/downloadBathymetricMap.do?filename=00183001.PDF
00013MFRA,https://a100.gov.bc.ca/pub/fidq/downloadBathymetricMap.do?filename=00188201.PDF
00013PARK,https://a100.gov.bc.ca/pub/fidq/downloadBathymetricMap.do?filename=00139001.PDF
00014CARP,https://a100.gov.bc.ca/pub/fidq/downloadBathymetricMap.do?filename=00217801.PDF
00014EUCL,https://a100.gov.bc.ca/pub/fidq/downloadBathymetricMap.do?filename=00209401.PDF
00014MORI,https://a100.gov.bc.ca/pub/fidq/downloadBathymetricMap.do?filename=00212001.PDF|https://a100.gov.bc.ca/pub/fidq/downloadBathymetricMap.do?filename=00212002.PDF
00015VICT,https://a100.gov.bc.ca/pub/fidq/downloadBathymetricMap.do?filename=00118301.PDF
00016BRID,https://a100.gov.bc.ca/pub/fidq/downloadBathymetricMap.do?filename=00182701.PDF
00016ELKR,https://a100.gov.bc.ca/pub/fidq/downloadBathymetricMap.do?filename=00023501.PDF
00016OKAN,https://a100.gov.bc.ca/pub/fidq/downloadBathymetricMap.do?filename=00132901.PDF
00017CAMB,https://a100.gov.bc.ca/pub/fidq/downloadBathymetricMap.do?filename=00233701.PDF
00017CLRH,https://a100.gov.bc.ca/pub/fidq/downloadBathymetricMap.do?filename=00291901.PDF|https://a100.gov.bc.ca/pub/fidq/downloadBathymetricMap.do?filename=00291902.PDF
00017USKE,https://a100.gov.bc.ca/pub/fidq/downloadBathymetricMap.do?filename=00152601.PDF
00019MMUS,https://a100.gov.bc.ca/pub/fidq/downloadBathymetricMap.do?filename=00127501.PDF
00019THOM,https://a100.gov.bc.ca/pub/fidq/downloadBathymetricMap.do?filename=00216401.PDF
00020FRAN,https://a100.gov.bc.ca/pub/fidq/downloadBathymetricMap.do?filename=00119801.PDF
00020OKAN,https://a100.gov.bc.ca/pub/fidq/downloadBathymetricMap.do?filename=00151601.PDF
00022ALBN,https://a100.gov.bc.ca/pub/fidq/downloadBathymetricMap.do?filename=00136901.PDF
00022CRYL,https://a100.gov.bc.ca/pub/fidq/downloadBathymetricMap.do?filename=00180901.PDF
00022PARK,https://a100.gov.bc.ca/pub/fidq/downloadBathymetricMap.do?filename=00168301.PDF
00022VICT,https://a100.gov.bc.ca/pub/fidq/downloadBathymetricMap.do?filename=00142801.PDF
00023COWN,https://a100.gov.bc.ca/pub/fidq/downloadBathymetricMap.do?filename=00112201.PDF
00023ELKR,https://a100.gov.bc.ca/pub/fidq/downloadBathymetricMap.do?filename=00019001.PDF
00023SMOK,https://a100.gov.bc.ca/pub/fidq/downloadBathymetricMap.do?filename=00064701.PDF
00025OKAN,https://a100.gov.bc.ca/pub/fidq/downloadBathymetricMap.do?filename=00135901.PDF
00026CHES,https://a100.gov.bc.ca/pub/fidq/downloadBathymetricMap.do?filename=00076901.PDF
00026VICT,https://a100.gov.bc.ca/pub/fidq/downloadBathymetricMap.do?filename=00092301.PDF|https://a100.gov.bc.ca/pub/fidq/downloadBathymetricMap.do?filename=00122901.PDF
00027CARP,https://a100.gov.bc.ca/pub/fidq/downloadBathymetricMap.do?filename=00144701.PDF
00027UISR,https://a100.gov.bc.ca/pub/fidq/downloadBathymetricMap.do?filename=00280301.PDF
00028CANO,https://a100.gov.bc.ca/pub/fidq/downloadBathymetricMap.do?filename=00279601.PDF
00028KAKC,https://a100.gov.bc.ca/pub/fidq/downloadBathymetricMap.do?filename=00184301.PDF|https://a100.gov.bc.ca/pub/fidq/downloadBathymetricMap.do?filename=00184401.PDF
00028LARL,https://a100.gov.bc.ca/pub/fidq/downloadBathymetricMap.do?filename=00227101.PDF|https://a100.gov.bc.ca/pub/fidq/downloadBathymetricMap.do?filename=00227102.PDF
00028MORI,https://a100.gov.bc.ca/pub/fidq/downloadBathymetricMap.do?filename=00189701.PDF|https://a100.gov.bc.ca/pub/fidq/downloadBathymetricMap.do?filename=00189702.PDF
00028SANJ,https://a100.gov.bc.ca/pub/fidq/downloadBathymetricMap.do?filename=00052801.PDF
00028VICT,https://a100.gov.bc.ca/pub/fidq/downloadBathymetricMap.do?filename=00112101.PDF
00029CHWK,https://a100.gov.bc.ca/pub/fidq/downloadBathymetricMap.do?filename=00253801.PDF
00029QUES,https://a100.gov.bc.ca/pub/fidq/downloadBathymetricMap.do?filename=00231801.PDF
00029SANJ,https://a100.gov.bc.ca/pub/fidq/downloadBathymetricMap.do?filename=00065001.PDF
00029VICT,https://a100.gov.bc.ca/pub/fidq/downloadBathymetricMap.do?filename=00226501.PDF
00031SKGT,https://a100.gov.bc.ca/pub/fidq/downloadBathymetricMap.do?filename=00158201.PDF
00032BABR,https://a100.gov.bc.ca/pub/fidq/downloadBathymetricMap.do?filename=00312301.PDF
00033LNRS,https://a100.gov.bc.ca/pub/fidq/downloadBathymetricMap.do?filename=00144901.PDF
00033WILL,https://a100.gov.bc.ca/pub/fidq/downloadBathymetricMap.do?filename=00244001.PDF
00034BLAR,https://a100.gov.bc.ca/pub/fidq/downloadBathymetricMap.do?filename=00196101.PDF
00034SANJ,https://a100.gov.bc.ca/pub/fidq/downloadBathymetricMap.do?filename=00168401.PDF
00034STHM,https://a100.gov.bc.ca/pub/fidq/downloadBathymetricMap.do?filename=00314301.PDF
00034VICT,https://a100.gov.bc.ca/pub/fidq/downloadBathymetricMap.do?filename=00064301.PDF
00035CHES,https://a100.gov.bc.ca/pub/fidq/downloadBathymetricMap.do?filename=00067001.PDF
00036MIDR,https://a100.gov.bc.ca/pub/fidq/downloadBathymetricMap.do?filename=00210301.PDF
00036SMOK,https://a100.gov.bc.ca/pub/fidq/downloadBathymetricMap.do?filename=00251501.PDF
00038VICT,https://a100.gov.bc.ca/pub/fidq/downloadBathymetricMap.do?filename=00297601.PDF
00039DOGC,https://a100.gov.bc.ca/pub/fidq/downloadBathymetricMap.do?filename=00115101.PDF
00039LMUS,https://a100.gov.bc.ca/pub/fidq/downloadBathymetricMap.do?filename=00020301.PDF
00040SANJ,https://a100.gov.bc.ca/pub/fidq/downloadBathymetricMap.do?filename=00091301.PDF
00041LTRE,https://a100.gov.bc.ca/pub/fidq/downloadBathymetricMap.do?filename=00278101.PDF
00042FRAN,https://a100.gov.bc.ca/pub/fidq/downloadBathymetricMap.do?filename=00241101.PDF
00042SLOC,https://a100.gov.bc.ca/pub/fidq/downloadBathymetricMap.do?filename=00320501.PDF
00043CAMB,https://a100.gov.bc.ca/pub/fidq/downloadBathymetricMap.do?filename=00124301.PDF
00043LKEL,https://a100.gov.bc.ca/pub/fidq/downloadBathymetricMap.do?filename=00076701.PDF
00043UISR,https://a100.gov.bc.ca/pub/fidq/downloadBathymetricMap.do?filename=00211701.PDF
00043VICT,https://a100.gov.bc.ca/pub/fidq/downloadBathymetricMap.do?filename=00289901.PDF
00044CAMB,https://a100.gov.bc.ca/pub/fidq/downloadBathymetricMap.do?filename=00259601.PDF
00044CARP,https://a100.gov.bc.ca/pub/fidq/downloadBathymetricMap.do?filename=00185401.PDF
00044TABR,https://a100.gov.bc.ca/pub/fidq/downloadBathymetricMap.do?filename=00022501.PDF
00045LKEL,https://a100.gov.bc.ca/pub/fidq/downloadBathymetricMap.do?filename=00093401.PDF|https://a100.gov.bc.ca/pub/fidq/downloadBathymetricMap.do?filename=00282501.PDF
00046MFRA,https://a100.gov.bc.ca/pub/fidq/downloadBathymetricMap.do?filename=00295901.PDF|https://a100.gov.bc.ca/pub/fidq/downloadBathymetricMap.do?filename=00295902.PDF
00046SMOK,https://a100.gov.bc.ca/pub/fidq/downloadBathymetricMap.do?filename=00088901.PDF
00047SLOC,https://a100.gov.bc.ca/pub/fidq/downloadBathymetricMap.do?filename=00320501.PDF
00048CHWK,https://a100.gov.bc.ca/pub/fidq/downloadBathymetricMap.do?filename=00152101.PDF
00048KETL,https://a100.gov.bc.ca/pub/fidq/downloadBathymetricMap.do?filename=00042101.PDF
00048MDEA,https://a100.gov.bc.ca/pub/fidq/downloadBathymetricMap.do?filename=00252501.PDF
00048PITR,https://a100.gov.bc.ca/pub/fidq/downloadBathymetricMap.do?filename=00079501.PDF
00048SANJ,https://a100.gov.bc.ca/pub/fidq/downloadBathymetricMap.do?filename=00038001.PDF
00048TABR,https://a100.gov.bc.ca/pub/fidq/downloadBathymetricMap.do?filename=00080901.PDF
00048USHU,https://a100.gov.bc.ca/pub/fidq/downloadBathymetricMap.do?filename=00253701.PDF
00049MESI,https://a100.gov.bc.ca/pub/fidq/downloadBathymetricMap.do?filename=00216301.PDF
00049MORI,https://a100.gov.bc.ca/pub/fidq/downloadBathymetricMap.do?filename=00183601.PDF
00051CHWK,https://a100.gov.bc.ca/pub/fidq/downloadBathymetricMap.do?filename=00041101.PDF
00051HOMA,https://a100.gov.bc.ca/pub/fidq/downloadBathymetricMap.do?filename=00262101.PDF
00051SAJR,https://a100.gov.bc.ca/pub/fidq/downloadBathymetricMap.do?filename=00057301.PDF
00051SPAT,https://a100.gov.bc.ca/pub/fidq/downloadBathymetricMap.do?filename=00238801.PDF
00051TUTR,https://a100.gov.bc.ca/pub/fidq/downloadBathymetricMap.do?filename=00223001.PDF|https://a100.gov.bc.ca/pub/fidq/downloadBathymetricMap.do?filename=00223002.PDF|https://a100.gov.bc.ca/pub/fidq/downloadBathymetricMap.do?filename=00223003.PDF|https://a100.gov.bc.ca/pub/fidq/downloadBathymetricMap.do?filename=00223004.PDF
00053FINA,https://a100.gov.bc.ca/pub/fidq/downloadBathymetricMap.do?filename=00063501.PDF
00053KOTL,https://a100.gov.bc.ca/pub/fidq/downloadBathymetricMap.do?filename=00033901.PDF|https://a100.gov.bc.ca/pub/fidq/downloadBathymetricMap.do?filename=00062801.PDF
00054CHWK,https://a100.gov.bc.ca/pub/fidq/downloadBathymetricMap.do?filename=00063801.PDF
00054KOTL,https://a100.gov.bc.ca/pub/fidq/downloadBathymetricMap.do?filename=00033901.PDF|https://a100.gov.bc.ca/pub/fidq/downloadBathymetricMap.do?filename=00110201.PDF
00054UNUR,https://a100.gov.bc.ca/pub/fidq/downloadBathymetricMap.do?filename=00318001.PDF
00055SKGT,https://a100.gov.bc.ca/pub/fidq/downloadBathymetricMap.do?filename=00137301.PDF
00055THOM,https://a100.gov.bc.ca/pub/fidq/downloadBathymetricMap.do?filename=00166801.PDF
00056MFRA,https://a100.gov.bc.ca/pub/fidq/downloadBathymetricMap.do?filename=00280801.PDF
00056SANJ,https://a100.gov.bc.ca/pub/fidq/downloadBathymetricMap.do?filename=00042001.PDF|https://a100.gov.bc.ca/pub/fidq/downloadBathymetricMap.do?filename=00042002.PDF
00057HOMA,https://a100.gov.bc.ca/pub/fidq/downloadBathymetricMap.do?filename=00204101.PDF
00059CHWK,https://a100.gov.bc.ca/pub/fidq/downloadBathymetricMap.do?filename=00203701.PDF|https://a100.gov.bc.ca/pub/fidq/downloadBathymetricMap.do?filename=00151901.PDF
00059SAJR,https://a100.gov.bc.ca/pub/fidq/downloadBathymetricMap.do?filename=00267201.PDF
00059TABR,https://a100.gov.bc.ca/pub/fidq/downloadBathymetricMap.do?filename=00284001.PDF
00060BULK,https://a100.gov.bc.ca/pub/fidq/downloadBathymetricMap.do?filename=00265201.PDF
00060GOLD,https://a100.gov.bc.ca/pub/fidq/downloadBathymetricMap.do?filename=00218201.PDF
00062PITR,https://a100.gov.bc.ca/pub/fidq/downloadBathymetricMap.do?filename=00217601.PDF
00063UISR,https://a100.gov.bc.ca/pub/fidq/downloadBathymetricMap.do?filename=00289201.PDF|https://a100.gov.bc.ca/pub/fidq/downloadBathymetricMap.do?filename=00289202.PDF
00064BRID,https://a100.gov.bc.ca/pub/fidq/downloadBathymetricMap.do?filename=00119501.PDF
00067QUES,https://a100.gov.bc.ca/pub/fidq/downloadBathymetricMap.do?filename=00056601.PDF|https://a100.gov.bc.ca/pub/fidq/downloadBathymetricMap.do?filename=00242701.PDF
00068BABL,https://a100.gov.bc.ca/pub/fidq/downloadBathymetricMap.do?filename=00063001.PDF
00068CHIR,https://a100.gov.bc.ca/pub/fidq/downloadBathymetricMap.do?filename=00111101.PDF
00068MORR,https://a100.gov.bc.ca/pub/fidq/downloadBathymetricMap.do?filename=00091901.PDF
00069LEUT,https://a100.gov.bc.ca/pub/fidq/downloadBathymetricMap.do?filename=00292301.PDF|https://a100.gov.bc.ca/pub/fidq/downloadBathymetricMap.do?filename=00292302.PDF
00069SKGT,https://a100.gov.bc.ca/pub/fidq/downloadBathymetricMap.do?filename=00301501.PDF|https://a100.gov.bc.ca/pub/fidq/downloadBathymetricMap.do?filename=00100701.PDF|https://a100.gov.bc.ca/pub/fidq/downloadBathymetricMap.do?filename=00283901.PDF
00070BRID,https://a100.gov.bc.ca/pub/fidq/downloadBathymetricMap.do?filename=00048701.PDF|https://a100.gov.bc.ca/pub/fidq/downloadBathymetricMap.do?filename=00237401.PDF
00072STHM,https://a100.gov.bc.ca/pub/fidq/downloadBathymetricMap.do?filename=00072301.PDF
00073SKGT,https://a100.gov.bc.ca/pub/fidq/downloadBathymetricMap.do?filename=00063701.PDF|https://a100.gov.bc.ca/pub/fidq/downloadBathymetricMap.do?filename=00100801.PDF
00073TOBA,https://a100.gov.bc.ca/pub/fidq/downloadBathymetricMap.do?filename=00344801.PDF
00074BIGC,https://a100.gov.bc.ca/pub/fidq/downloadBathymetricMap.do?filename=00042701.PDF
00074BRKS,https://a100.gov.bc.ca/pub/fidq/downloadBathymetricMap.do?filename=00145001.PDF
00074LEUT,https://a100.gov.bc.ca/pub/fidq/downloadBathymetricMap.do?filename=00251801.PDF
00075MSTR,https://a100.gov.bc.ca/pub/fidq/downloadBathymetricMap.do?filename=00107901.PDF
00076SLOC,https://a100.gov.bc.ca/pub/fidq/downloadBathymetricMap.do?filename=00229701.PDF
00077CHWK,https://a100.gov.bc.ca/pub/fidq/downloadBathymetricMap.do?filename=00237201.PDF
00077SKGT,https://a100.gov.bc.ca/pub/fidq/downloadBathymetricMap.do?filename=00245001.PDF|https://a100.gov.bc.ca/pub/fidq/downloadBathymetricMap.do?filename=00155401.PDF
00078OKAN,https://a100.gov.bc.ca/pub/fidq/downloadBathymetricMap.do?filename=00345801.PDF|https://a100.gov.bc.ca/pub/fidq/downloadBathymetricMap.do?filename=00345802.PDF|https://a100.gov.bc.ca/pub/fidq/downloadBathymetricMap.do?filename=00345803.PDF|https://a100.gov.bc.ca/pub/fidq/downloadBathymetricMap.do?filename=00345804.PDF|https://a100.gov.bc.ca/pub/fidq/downloadBathymetricMap.do?filename=00345805.PDF|https://a100.gov.bc.ca/pub/fidq/downloadBathymetricMap.do?filename=00345806.PDF
00078SALM,https://a100.gov.bc.ca/pub/fidq/downloadBathymetricMap.do?filename=00311601.PDF
00079HOMA,https://a100.gov.bc.ca/pub/fidq/downloadBathymetricMap.do?filename=00025001.PDF
00079NIMP,https://a100.gov.bc.ca/pub/fidq/downloadBathymetricMap.do?filename=00125501.PDF
00079SALM,https://a100.gov.bc.ca/pub/fidq/downloadBathymetricMap.do?filename=00089901.PDF
00080TAHS,https://a100.gov.bc.ca/pub/fidq/downloadBathymetricMap.do?filename=00211901.PDF
00081SKGT,https://a100.gov.bc.ca/pub/fidq/downloadBathymetricMap.do?filename=00161201.PDF
00082BRID,https://a100.gov.bc.ca/pub/fidq/downloadBathymetricMap.do?filename=00141501.PDF|https://a100.gov.bc.ca/pub/fidq/downloadBathymetricMap.do?filename=00141601.PDF
00082MFRA,https://a100.gov.bc.ca/pub/fidq/downloadBathymetricMap.do?filename=00241201.PDF
00083JERV,https://a100.gov.bc.ca/pub/fidq/downloadBathymetricMap.do?filename=00348801.PDF
00083LCHR,https://a100.gov.bc.ca/pub/fidq/downloadBathymetricMap.do?filename=00209001.PDF
00084BRID,https://a100.gov.bc.ca/pub/fidq/downloadBathymetricMap.do?filename=00289001.PDF|https://a100.gov.bc.ca/pub/fidq/downloadBathymetricMap.do?filename=00289002.PDF
00085ADMS,https://a100.gov.bc.ca/pub/fidq/downloadBathymetricMap.do?filename=00223901.PDF
00085NARC,https://a100.gov.bc.ca/pub/fidq/downloadBathymetricMap.do?filename=00195001.PDF
00086CHIL,https://a100.gov.bc.ca/pub/fidq/downloadBathymetricMap.do?filename=00252301.PDF
00086SANJ,https://a100.gov.bc.ca/pub/fidq/downloadBathymetricMap.do?filename=00268101.PDF
00087UARL,https://a100.gov.bc.ca/pub/fidq/downloadBathymetricMap.do?filename=00323701.PDF|https://a100.gov.bc.ca/pub/fidq/downloadBathymetricMap.do?filename=00323702.PDF
00088HORS,https://a100.gov.bc.ca/pub/fidq/downloadBathymetricMap.do?filename=00129801.PDF
00089MIDR,https://a100.gov.bc.ca/pub/fidq/downloadBathymetricMap.do?filename=00097101.PDF|https://a100.gov.bc.ca/pub/fidq/downloadBathymetricMap.do?filename=00097102.PDF
00090BONP,https://a100.gov.bc.ca/pub/fidq/downloadBathymetricMap.do?filename=00180201.PDF
00091VICT,https://a100.gov.bc.ca/pub/fidq/downloadBathymetricMap.do?filename=00322001.PDF|https://a100.gov.bc.ca/pub/fidq/downloadBathymetricMap.do?filename=00205801.PDF
00092STHM,https://a100.gov.bc.ca/pub/fidq/downloadBathymetricMap.do?filename=00335001.PDF
00093CARR,https://a100.gov.bc.ca/pub/fidq/downloadBathymetricMap.do?filename=00036001.PDF
00094JERV,https://a100.gov.bc.ca/pub/fidq/downloadBathymetricMap.do?filename=00241901.PDF
00094MIDR,https://a100.gov.bc.ca/pub/fidq/downloadBathymetricMap.do?filename=00176901.PDF
00094SLOC,https://a100.gov.bc.ca/pub/fidq/downloadBathymetricMap.do?filename=00157001.PDF|https://a100.gov.bc.ca/pub/fidq/downloadBathymetricMap.do?filename=00156601.PDF
00095CAMB,https://a100.gov.bc.ca/pub/fidq/downloadBathymetricMap.do?filename=00185501.PDF
00095MUSK,https://a100.gov.bc.ca/pub/fidq/downloadBathymetricMap.do?filename=00048801.PDF
00097SALM,https://a100.gov.bc.ca/pub/fidq/downloadBathymetricMap.do?filename=00216801.PDF
00098SALM,https://a100.gov.bc.ca/pub/fidq/downloadBathymetricMap.do?filename=00196601.PDF
00099COLR,https://a100.gov.bc.ca/pub/fidq/downloadBathymetricMap.do?filename=00024901.PDF
00099LARL,https://a100.gov.bc.ca/pub/fidq/downloadBathymetricMap.do?filename=00295001.PDF|https://a100.gov.bc.ca/pub/fidq/downloadBathymetricMap.do?filename=00295002.PDF
00099OKAN,https://a100.gov.bc.ca/pub/fidq/downloadBathymetricMap.do?filename=00270601.PDF|https://a100.gov.bc.ca/pub/fidq/downloadBathymetricMap.do?filename=00322701.PDF
00100COLR,https://a100.gov.bc.ca/pub/fidq/downloadBathymetricMap.do?filename=00036101.PDF|https://a100.gov.bc.ca/pub/fidq/downloadBathymetricMap.do?filename=00037701.PDF
00101COMX,https://a100.gov.bc.ca/pub/fidq/downloadBathymetricMap.do?filename=00182001.PDF|https://a100.gov.bc.ca/pub/fidq/downloadBathymetricMap.do?filename=00182002.PDF
00101KITL,https://a100.gov.bc.ca/pub/fidq/downloadBathymetricMap.do?filename=00072701.PDF
00102UEUT,https://a100.gov.bc.ca/pub/fidq/downloadBathymetricMap.do?filename=00247401.PDF
00103ALBN,https://a100.gov.bc.ca/pub/fidq/downloadBathymetricMap.do?filename=00085101.PDF
00103CARR,https://a100.gov.bc.ca/pub/fidq/downloadBathymetricMap.do?filename=00123801.PDF
00104CAMB,https://a100.gov.bc.ca/pub/fidq/downloadBathymetricMap.do?filename=00219701.PDF
00104MDEA,https://a100.gov.bc.ca/pub/fidq/downloadBathymetricMap.do?filename=00107801.PDF
00105CARR,https://a100.gov.bc.ca/pub/fidq/downloadBathymetricMap.do?filename=00229201.PDF
00105SQAM,https://a100.gov.bc.ca/pub/fidq/downloadBathymetricMap.do?filename=00234801.PDF
00106CHIL,https://a100.gov.bc.ca/pub/fidq/downloadBathymetricMap.do?filename=00145601.PDF
00106MURR,https://a100.gov.bc.ca/pub/fidq/downloadBathymetricMap.do?filename=00172201.PDF
00106NARC,https://a100.gov.bc.ca/pub/fidq/downloadBathymetricMap.do?filename=00214201.PDF
00107BRKS,https://a100.gov.bc.ca/pub/fidq/downloadBathymetricMap.do?filename=00285201.PDF|https://a100.gov.bc.ca/pub/fidq/downloadBathymetricMap.do?filename=00285202.PDF
00107LNRS,https://a100.gov.bc.ca/pub/fidq/downloadBathymetricMap.do?filename=00237801.PDF
00108DEAD,https://a100.gov.bc.ca/pub/fidq/downloadBathymetricMap.do?filename=00336201.PDF
00108HOMA,https://a100.gov.bc.ca/pub/fidq/downloadBathymetricMap.do?filename=00232201.PDF
00108SANJ,https://a100.gov.bc.ca/pub/fidq/downloadBathymetricMap.do?filename=00350801.PDF
00110LARL,https://a100.gov.bc.ca/pub/fidq/downloadBathymetricMap.do?filename=00152501.PDF
00111COWN,https://a100.gov.bc.ca/pub/fidq/downloadBathymetricMap.do?filename=00266101.PDF
00111HORS,https://a100.gov.bc.ca/pub/fidq/downloadBathymetricMap.do?filename=00182901.PDF
00111SANJ,https://a100.gov.bc.ca/pub/fidq/downloadBathymetricMap.do?filename=00350601.PDF
00112BRKS,https://a100.gov.bc.ca/pub/fidq/downloadBathymetricMap.do?filename=00100301.PDF
00112KOTR,https://a100.gov.bc.ca/pub/fidq/downloadBathymetricMap.do?filename=00194701.PDF
00112OKAN,https://a100.gov.bc.ca/pub/fidq/downloadBathymetricMap.do?filename=00252601.PDF
00112UMUS,https://a100.gov.bc.ca/pub/fidq/downloadBathymetricMap.do?filename=00280201.PDF
00113BRKS,https://a100.gov.bc.ca/pub/fidq/downloadBathymetricMap.do?filename=00033201.PDF
00113HERR,https://a100.gov.bc.ca/pub/fidq/downloadBathymetricMap.do?filename=00199401.PDF|https://a100.gov.bc.ca/pub/fidq/downloadBathymetricMap.do?filename=00286101.PDF
00113KOTR,https://a100.gov.bc.ca/pub/fidq/downloadBathymetricMap.do?filename=00143101.PDF
00113VICT,https://a100.gov.bc.ca/pub/fidq/downloadBathymetricMap.do?filename=00162501.PDF
00114FIRE,https://a100.gov.bc.ca/pub/fidq/downloadBathymetricMap.do?filename=00115801.PDF
00114SIML,https://a100.gov.bc.ca/pub/fidq/downloadBathymetricMap.do?filename=00160001.PDF
00115LCHL,https://a100.gov.bc.ca/pub/fidq/downloadBathymetricMap.do?filename=00142201.PDF
00115SLOC,https://a100.gov.bc.ca/pub/fidq/downloadBathymetricMap.do?filename=00212101.PDF|https://a100.gov.bc.ca/pub/fidq/downloadBathymetricMap.do?filename=00212102.PDF
00116COLR,https://a100.gov.bc.ca/pub/fidq/downloadBathymetricMap.do?filename=00036101.PDF|https://a100.gov.bc.ca/pub/fidq/downloadBathymetricMap.do?filename=00037701.PDF
00116NARC,https://a100.gov.bc.ca/pub/fidq/downloadBathymetricMap.do?filename=00196201.PDF
00116USHU,https://a100.gov.bc.ca/pub/fidq/downloadBathymetricMap.do?filename=00254001.PDF|https://a100.gov.bc.ca/pub/fidq/downloadBathymetricMap.do?filename=00254002.PDF|https://a100.gov.bc.ca/pub/fidq/downloadBathymetricMap.do?filename=00254003.PDF|https://a100.gov.bc.ca/pub/fidq/downloadBathymetricMap.do?filename=00254004.PDF|https://a100.gov.bc.ca/pub/fidq/downloadBathymetricMap.do?filename=00254005.PDF|https://a100.gov.bc.ca/pub/fidq/downloadBathymetricMap.do?filename=00254006.PDF|https://a100.gov.bc.ca/pub/fidq/downloadBathymetricMap.do?filename=00254007.PDF|https://a100.gov.bc.ca/pub/fidq/downloadBathymetricMap.do?filename=00254008.PDF|https://a100.gov.bc.ca/pub/fidq/downloadBathymetricMap.do?filename=00254009.PDF|https://a100.gov.bc.ca/pub/fidq/downloadBathymetricMap.do?filename=00254010.PDF
00117CHWK,https://a100.gov.bc.ca/pub/fidq/downloadBathymetricMap.do?filename=00254501.PDF
00117LPRO,https://a100.gov.bc.ca/pub/fidq/downloadBathymetricMap.do?filename=00228301.PDF
00117PCEA,https://a100.gov.bc.ca/pub/fidq/downloadBathymetricMap.do?filename=00026601.PDF
00117SALM,https://a100.gov.bc.ca/pub/fidq/downloadBathymetricMap.do?filename=00165101.PDF
00118COWN,https://a100.gov.bc.ca/pub/fidq/downloadBathymetricMap.do?filename=00198201.PDF
00119NICL,https://a100.gov.bc.ca/pub/fidq/downloadBathymetricMap.do?filename=00040701.PDF
00120CARP,https://a100.gov.bc.ca/pub/fidq/downloadBathymetricMap.do?filename=00234601.PDF
00121CAMB,https://a100.gov.bc.ca/pub/fidq/downloadBathymetricMap.do?filename=00110501.PDF
00121JERV,https://a100.gov.bc.ca/pub/fidq/downloadBathymetricMap.do?filename=00292801.PDF|https://a100.gov.bc.ca/pub/fidq/downloadBathymetricMap.do?filename=00292802.PDF
00122CHES,https://a100.gov.bc.ca/pub/fidq/downloadBathymetricMap.do?filename=00191201.PDF
00122CHWK,https://a100.gov.bc.ca/pub/fidq/downloadBathymetricMap.do?filename=00132801.PDF
00122SLOC,https://a100.gov.bc.ca/pub/fidq/downloadBathymetricMap.do?filename=00322101.PDF
00123COLR,https://a100.gov.bc.ca/pub/fidq/downloadBathymetricMap.do?filename=00036101.PDF|https://a100.gov.bc.ca/pub/fidq/downloadBathymetricMap.do?filename=00037701.PDF|https://a100.gov.bc.ca/pub/fidq/downloadBathymetricMap.do?filename=00036301.PDF
00123COMX,https://a100.gov.bc.ca/pub/fidq/downloadBathymetricMap.do?filename=00182001.PDF|https://a100.gov.bc.ca/pub/fidq/downloadBathymetricMap.do?filename=00182002.PDF
00123JERV,https://a100.gov.bc.ca/pub/fidq/downloadBathymetricMap.do?filename=00100401.PDF
00123UARL,https://a100.gov.bc.ca/pub/fidq/downloadBathymetricMap.do?filename=00033301.PDF
00125KHOR,https://a100.gov.bc.ca/pub/fidq/downloadBathymetricMap.do?filename=00053601.PDF
00126CAMB,https://a100.gov.bc.ca/pub/fidq/downloadBathymetricMap.do?filename=00058601.PDF
00126LCHR,https://a100.gov.bc.ca/pub/fidq/downloadBathymetricMap.do?filename=00170601.PDF
00128BRKS,https://a100.gov.bc.ca/pub/fidq/downloadBathymetricMap.do?filename=00094401.PDF
00128LCHR,https://a100.gov.bc.ca/pub/fidq/downloadBathymetricMap.do?filename=00133801.PDF
00128SIML,https://a100.gov.bc.ca/pub/fidq/downloadBathymetricMap.do?filename=00259701.PDF|https://a100.gov.bc.ca/pub/fidq/downloadBathymetricMap.do?filename=00278701.PDF
00128UEUT,https://a100.gov.bc.ca/pub/fidq/downloadBathymetricMap.do?filename=00159001.PDF
00129HORS,https://a100.gov.bc.ca/pub/fidq/downloadBathymetricMap.do?filename=00153701.PDF
00129TSIT,https://a100.gov.bc.ca/pub/fidq/downloadBathymetricMap.do?filename=00308001.PDF
00130CAMB,https://a100.gov.bc.ca/pub/fidq/downloadBathymetricMap.do?filename=00189001.PDF
00130HORS,https://a100.gov.bc.ca/pub/fidq/downloadBathymetricMap.do?filename=00197301.PDF
00131KOTR,https://a100.gov.bc.ca/pub/fidq/downloadBathymetricMap.do?filename=00026901.PDF
00131MESI,https://a100.gov.bc.ca/pub/fidq/downloadBathymetricMap.do?filename=00235801.PDF
00131UNRS,https://a100.gov.bc.ca/pub/fidq/downloadBathymetricMap.do?filename=00308101.PDF
00132BRID,https://a100.gov.bc.ca/pub/fidq/downloadBathymetricMap.do?filename=00246401.PDF
00132COWN,https://a100.gov.bc.ca/pub/fidq/downloadBathymetricMap.do?filename=00198201.PDF
00132HERR,https://a100.gov.bc.ca/pub/fidq/downloadBathymetricMap.do?filename=00199401.PDF|https://a100.gov.bc.ca/pub/fidq/downloadBathymetricMap.do?filename=00286101.PDF
00132HORS,https://a100.gov.bc.ca/pub/fidq/downloadBathymetricMap.do?filename=00241701.PDF
00132MURR,https://a100.gov.bc.ca/pub/fidq/downloadBathymetricMap.do?filename=00179901.PDF
00132SIML,https://a100.gov.bc.ca/pub/fidq/downloadBathymetricMap.do?filename=00114401.PDF
00132UISR,https://a100.gov.bc.ca/pub/fidq/downloadBathymetricMap.do?filename=00280501.PDF
00133ALBN,https://a100.gov.bc.ca/pub/fidq/downloadBathymetricMap.do?filename=00247101.PDF
00134CHES,https://a100.gov.bc.ca/pub/fidq/downloadBathymetricMap.do?filename=00280601.PDF
00135KOTR,https://a100.gov.bc.ca/pub/fidq/downloadBathymetricMap.do?filename=00236301.PDF
00136ALBN,https://a100.gov.bc.ca/pub/fidq/downloadBathymetricMap.do?filename=00085401.PDF
00136COLR,https://a100.gov.bc.ca/pub/fidq/downloadBathymetricMap.do?filename=00024001.PDF
00137QUES,https://a100.gov.bc.ca/pub/fidq/downloadBathymetricMap.do?filename=00071101.PDF
00138BRKS,https://a100.gov.bc.ca/pub/fidq/downloadBathymetricMap.do?filename=00108201.PDF
00138STUR,https://a100.gov.bc.ca/pub/fidq/downloadBathymetricMap.do?filename=00178301.PDF
00139HORS,https://a100.gov.bc.ca/pub/fidq/downloadBathymetricMap.do?filename=00197301.PDF
00139PARS,https://a100.gov.bc.ca/pub/fidq/downloadBathymetricMap.do?filename=00029001.PDF
00140BOWR,https://a100.gov.bc.ca/pub/fidq/downloadBathymetricMap.do?filename=00196301.PDF
00141LDEN,https://a100.gov.bc.ca/pub/fidq/downloadBathymetricMap.do?filename=00187301.PDF
00142BONP,https://a100.gov.bc.ca/pub/fidq/downloadBathymetricMap.do?filename=00339601.PDF
00142KOTR,https://a100.gov.bc.ca/pub/fidq/downloadBathymetricMap.do?filename=00161001.PDF
00144MCGR,https://a100.gov.bc.ca/pub/fidq/downloadBathymetricMap.do?filename=00312401.PDF
00145BULL,https://a100.gov.bc.ca/pub/fidq/downloadBathymetricMap.do?filename=00268201.PDF
00145CHES,https://a100.gov.bc.ca/pub/fidq/downloadBathymetricMap.do?filename=00257001.PDF
00146BRID,https://a100.gov.bc.ca/pub/fidq/downloadBathymetricMap.do?filename=00286601.PDF|https://a100.gov.bc.ca/pub/fidq/downloadBathymetricMap.do?filename=00286602.PDF
00146OKAN,https://a100.gov.bc.ca/pub/fidq/downloadBathymetricMap.do?filename=00233301.PDF
00147KINR,https://a100.gov.bc.ca/pub/fidq/downloadBathymetricMap.do?filename=00186201.PDF|https://a100.gov.bc.ca/pub/fidq/downloadBathymetricMap.do?filename=00186202.PDF|https://a100.gov.bc.ca/pub/fidq/downloadBathymetricMap.do?filename=00294101.PDF
00147KOTR,https://a100.gov.bc.ca/pub/fidq/downloadBathymetricMap.do?filename=00308801.PDF
00148FOXR,https://a100.gov.bc.ca/pub/fidq/downloadBathymetricMap.do?filename=00201401.PDF
00148KOTR,https://a100.gov.bc.ca/pub/fidq/downloadBathymetricMap.do?filename=00164001.PDF
00148LNIC,https://a100.gov.bc.ca/pub/fidq/downloadBathymetricMap.do?filename=00337001.PDF|https://a100.gov.bc.ca/pub/fidq/downloadBathymetricMap.do?filename=00337002.PDF
00149CRKD,https://a100.gov.bc.ca/pub/fidq/downloadBathymetricMap.do?filename=00031801.PDF
00149LNTH,https://a100.gov.bc.ca/pub/fidq/downloadBathymetricMap.do?filename=00347101.PDF
00149MURR,https://a100.gov.bc.ca/pub/fidq/downloadBathymetricMap.do?filename=00126301.PDF
00151COWN,https://a100.gov.bc.ca/pub/fidq/downloadBathymetricMap.do?filename=00072101.PDF
00152CARR,https://a100.gov.bc.ca/pub/fidq/downloadBathymetricMap.do?filename=00177501.PDF|https://a100.gov.bc.ca/pub/fidq/downloadBathymetricMap.do?filename=00177502.PDF
00153VICT,https://a100.gov.bc.ca/pub/fidq/downloadBathymetricMap.do?filename=00265401.PDF|https://a100.gov.bc.ca/pub/fidq/downloadBathymetricMap.do?filename=00151301.PDF
00154BRID,https://a100.gov.bc.ca/pub/fidq/downloadBathymetricMap.do?filename=00288501.PDF|https://a100.gov.bc.ca/pub/fidq/downloadBathymetricMap.do?filename=00288502.PDF
00154BULL,https://a100.gov.bc.ca/pub/fidq/downloadBathymetricMap.do?filename=00203901.PDF
00154KOTR,https://a100.gov.bc.ca/pub/fidq/downloadBathymetricMap.do?filename=00252401.PDF
00155JERV,https://a100.gov.bc.ca/pub/fidq/downloadBathymetricMap.do?filename=00300001.PDF
00155SALM,https://a100.gov.bc.ca/pub/fidq/downloadBathymetricMap.do?filename=00202801.PDF
00155SIML,https://a100.gov.bc.ca/pub/fidq/downloadBathymetricMap.do?filename=00053001.PDF
00156BRID,https://a100.gov.bc.ca/pub/fidq/downloadBathymetricMap.do?filename=00109201.PDF
00156BULL,https://a100.gov.bc.ca/pub/fidq/downloadBathymetricMap.do?filename=00259401.PDF
00156SLOC,https://a100.gov.bc.ca/pub/fidq/downloadBathymetricMap.do?filename=00162001.PDF
00157JERV,https://a100.gov.bc.ca/pub/fidq/downloadBathymetricMap.do?filename=00300001.PDF
00157NAZR,https://a100.gov.bc.ca/pub/fidq/downloadBathymetricMap.do?filename=00165301.PDF
00158BRKS,https://a100.gov.bc.ca/pub/fidq/downloadBathymetricMap.do?filename=00162601.PDF
00158BULL,https://a100.gov.bc.ca/pub/fidq/downloadBathymetricMap.do?filename=00035401.PDF
00158CARP,https://a100.gov.bc.ca/pub/fidq/downloadBathymetricMap.do?filename=00185601.PDF|https://a100.gov.bc.ca/pub/fidq/downloadBathymetricMap.do?filename=00185602.PDF
00158LILL,https://a100.gov.bc.ca/pub/fidq/downloadBathymetricMap.do?filename=00285901.PDF|https://a100.gov.bc.ca/pub/fidq/downloadBathymetricMap.do?filename=00285902.PDF
00160HORS,https://a100.gov.bc.ca/pub/fidq/downloadBathymetricMap.do?filename=00220001.PDF
00161CAMB,https://a100.gov.bc.ca/pub/fidq/downloadBathymetricMap.do?filename=00212301.PDF
00161FOXR,https://a100.gov.bc.ca/pub/fidq/downloadBathymetricMap.do?filename=00249501.PDF
00163BULL,https://a100.gov.bc.ca/pub/fidq/downloadBathymetricMap.do?filename=00059001.PDF
00163LKEL,https://a100.gov.bc.ca/pub/fidq/downloadBathymetricMap.do?filename=00268701.PDF
00164COWN,https://a100.gov.bc.ca/pub/fidq/downloadBathymetricMap.do?filename=00109601.PDF
00165PARS,https://a100.gov.bc.ca/pub/fidq/downloadBathymetricMap.do?filename=00291601.PDF
00166SANJ,https://a100.gov.bc.ca/pub/fidq/downloadBathymetricMap.do?filename=00343701.PDF
00166UISR,https://a100.gov.bc.ca/pub/fidq/downloadBathymetricMap.do?filename=00216201.PDF
00167KAKC,https://a100.gov.bc.ca/pub/fidq/downloadBathymetricMap.do?filename=00234001.PDF
00167UARL,https://a100.gov.bc.ca/pub/fidq/downloadBathymetricMap.do?filename=00033301.PDF
00169CANO,https://a100.gov.bc.ca/pub/fidq/downloadBathymetricMap.do?filename=00269501.PDF
00169GUIC,https://a100.gov.bc.ca/pub/fidq/downloadBathymetricMap.do?filename=00340101.PDF
00169JERV,https://a100.gov.bc.ca/pub/fidq/downloadBathymetricMap.do?filename=00279201.PDF
00169NIMP,https://a100.gov.bc.ca/pub/fidq/downloadBathymetricMap.do?filename=00267101.PDF
00170GUIC,https://a100.gov.bc.ca/pub/fidq/downloadBathymetricMap.do?filename=00216101.PDF|https://a100.gov.bc.ca/pub/fidq/downloadBathymetricMap.do?filename=00154701.PDF
00170HORS,https://a100.gov.bc.ca/pub/fidq/downloadBathymetricMap.do?filename=00188601.PDF
00170KOTL,https://a100.gov.bc.ca/pub/fidq/downloadBathymetricMap.do?filename=00125401.PDF
00170MORK,https://a100.gov.bc.ca/pub/fidq/downloadBathymetricMap.do?filename=00317001.PDF
00171BABL,https://a100.gov.bc.ca/pub/fidq/downloadBathymetricMap.do?filename=00210101.PDF
00171CRKD,https://a100.gov.bc.ca/pub/fidq/downloadBathymetricMap.do?filename=00106701.PDF
00172ALBN,https://a100.gov.bc.ca/pub/fidq/downloadBathymetricMap.do?filename=00191701.PDF
00172BABL,https://a100.gov.bc.ca/pub/fidq/downloadBathymetricMap.do?filename=00257901.PDF
00172LMUS,https://a100.gov.bc.ca/pub/fidq/downloadBathymetricMap.do?filename=00136401.PDF
00172MORK,https://a100.gov.bc.ca/pub/fidq/downloadBathymetricMap.do?filename=00317201.PDF
00173BULL,https://a100.gov.bc.ca/pub/fidq/downloadBathymetricMap.do?filename=00120701.PDF|https://a100.gov.bc.ca/pub/fidq/downloadBathymetricMap.do?filename=00120601.PDF
00173LNTH,https://a100.gov.bc.ca/pub/fidq/downloadBathymetricMap.do?filename=00342001.PDF
00173MDEA,https://a100.gov.bc.ca/pub/fidq/downloadBathymetricMap.do?filename=00123301.PDF
00174CARR,https://a100.gov.bc.ca/pub/fidq/downloadBathymetricMap.do?filename=00170701.PDF
00174KCHL,https://a100.gov.bc.ca/pub/fidq/downloadBathymetricMap.do?filename=00281101.PDF
00174KISK,https://a100.gov.bc.ca/pub/fidq/downloadBathymetricMap.do?filename=00141401.PDF
00174TOBA,https://a100.gov.bc.ca/pub/fidq/downloadBathymetricMap.do?filename=00349201.PDF
00175DEAD,https://a100.gov.bc.ca/pub/fidq/downloadBathymetricMap.do?filename=00220601.PDF
00175NICL,https://a100.gov.bc.ca/pub/fidq/downloadBathymetricMap.do?filename=00340601.PDF
00175TOBA,https://a100.gov.bc.ca/pub/fidq/downloadBathymetricMap.do?filename=00349301.PDF
00176CARR,https://a100.gov.bc.ca/pub/fidq/downloadBathymetricMap.do?filename=00204001.PDF
00176CHIL,https://a100.gov.bc.ca/pub/fidq/downloadBathymetricMap.do?filename=00057801.PDF
00176ELKR,https://a100.gov.bc.ca/pub/fidq/downloadBathymetricMap.do?filename=00253101.PDF|https://a100.gov.bc.ca/pub/fidq/downloadBathymetricMap.do?filename=00253001.PDF
00177BRID,https://a100.gov.bc.ca/pub/fidq/downloadBathymetricMap.do?filename=00056701.PDF
00177HARR,https://a100.gov.bc.ca/pub/fidq/downloadBathymetricMap.do?filename=00118801.PDF
00178BULL,https://a100.gov.bc.ca/pub/fidq/downloadBathymetricMap.do?filename=00213801.PDF
00178CLWR,https://a100.gov.bc.ca/pub/fidq/downloadBathymetricMap.do?filename=00293101.PDF|https://a100.gov.bc.ca/pub/fidq/downloadBathymetricMap.do?filename=00293102.PDF|https://a100.gov.bc.ca/pub/fidq/downloadBathymetricMap.do?filename=00293103.PDF
00178DUNC,https://a100.gov.bc.ca/pub/fidq/downloadBathymetricMap.do?filename=00150501.PDF|https://a100.gov.bc.ca/pub/fidq/downloadBathymetricMap.do?filename=00150502.PDF|https://a100.gov.bc.ca/pub/fidq/downloadBathymetricMap.do?filename=00150503.PDF|https://a100.gov.bc.ca/pub/fidq/downloadBathymetricMap.do?filename=00150504.PDF
00179OKAN,https://a100.gov.bc.ca/pub/fidq/downloadBathymetricMap.do?filename=00263901.PDF|https://a100.gov.bc.ca/pub/fidq/downloadBathymetricMap.do?filename=00019901.PDF
00180COWN,https://a100.gov.bc.ca/pub/fidq/downloadBathymetricMap.do?filename=00162101.PDF
00180MORK,https://a100.gov.bc.ca/pub/fidq/downloadBathymetricMap.do?filename=00263701.PDF
00180TOBA,https://a100.gov.bc.ca/pub/fidq/downloadBathymetricMap.do?filename=00349601.PDF
00182BRID,https://a100.gov.bc.ca/pub/fidq/downloadBathymetricMap.do?filename=00136501.PDF
00182COWN,https://a100.gov.bc.ca/pub/fidq/downloadBathymetricMap.do?filename=00157301.PDF
00182NIMP,https://a100.gov.bc.ca/pub/fidq/downloadBathymetricMap.do?filename=00143901.PDF
00184FOXR,https://a100.gov.bc.ca/pub/fidq/downloadBathymetricMap.do?filename=00258501.PDF
00184NIMP,https://a100.gov.bc.ca/pub/fidq/downloadBathymetricMap.do?filename=00161901.PDF
00184UNUR,https://a100.gov.bc.ca/pub/fidq/downloadBathymetricMap.do?filename=00221901.PDF
00185OKAN,https://a100.gov.bc.ca/pub/fidq/downloadBathymetricMap.do?filename=00020401.PDF
00186SANJ,https://a100.gov.bc.ca/pub/fidq/downloadBathymetricMap.do?filename=00348201.PDF
00187LCHL,https://a100.gov.bc.ca/pub/fidq/downloadBathymetricMap.do?filename=00022801.PDF
00187LCHR,https://a100.gov.bc.ca/pub/fidq/downloadBathymetricMap.do?filename=00227401.PDF
00188CAMB,https://a100.gov.bc.ca/pub/fidq/downloadBathymetricMap.do?filename=00068401.PDF|https://a100.gov.bc.ca/pub/fidq/downloadBathymetricMap.do?filename=00068501.PDF
00189BIGC,https://a100.gov.bc.ca/pub/fidq/downloadBathymetricMap.do?filename=00184101.PDF
00189COLR,https://a100.gov.bc.ca/pub/fidq/downloadBathymetricMap.do?filename=00021101.PDF
00189HARR,https://a100.gov.bc.ca/pub/fidq/downloadBathymetricMap.do?filename=00209201.PDF
00189LILL,https://a100.gov.bc.ca/pub/fidq/downloadBathymetricMap.do?filename=00163401.PDF
00190FRCN,https://a100.gov.bc.ca/pub/fidq/downloadBathymetricMap.do?filename=00257201.PDF
00190LNIC,https://a100.gov.bc.ca/pub/fidq/downloadBathymetricMap.do?filename=00194801.PDF|https://a100.gov.bc.ca/pub/fidq/downloadBathymetricMap.do?filename=00155601.PDF
00190SALM,https://a100.gov.bc.ca/pub/fidq/downloadBathymetricMap.do?filename=00117201.PDF
00190TOBA,https://a100.gov.bc.ca/pub/fidq/downloadBathymetricMap.do?filename=00349101.PDF
00191BRID,https://a100.gov.bc.ca/pub/fidq/downloadBathymetricMap.do?filename=00018001.PDF
00192SETN,https://a100.gov.bc.ca/pub/fidq/downloadBathymetricMap.do?filename=00218401.PDF
00194FROG,https://a100.gov.bc.ca/pub/fidq/downloadBathymetricMap.do?filename=00153801.PDF
00194NAZR,https://a100.gov.bc.ca/pub/fidq/downloadBathymetricMap.do?filename=00200701.PDF
00195BRKS,https://a100.gov.bc.ca/pub/fidq/downloadBathymetricMap.do?filename=00225401.PDF|https://a100.gov.bc.ca/pub/fidq/downloadBathymetricMap.do?filename=00225402.PDF
00195ULRD,https://a100.gov.bc.ca/pub/fidq/downloadBathymetricMap.do?filename=00268501.PDF|https://a100.gov.bc.ca/pub/fidq/downloadBathymetricMap.do?filename=00088001.PDF
00195VICT,https://a100.gov.bc.ca/pub/fidq/downloadBathymetricMap.do?filename=00057501.PDF|https://a100.gov.bc.ca/pub/fidq/downloadBathymetricMap.do?filename=00256601.PDF
00196BRKS,https://a100.gov.bc.ca/pub/fidq/downloadBathymetricMap.do?filename=00283301.PDF
00196FRCN,https://a100.gov.bc.ca/pub/fidq/downloadBathymetricMap.do?filename=00249601.PDF
00197GOLD,https://a100.gov.bc.ca/pub/fidq/downloadBathymetricMap.do?filename=00186701.PDF
00197HARR,https://a100.gov.bc.ca/pub/fidq/downloadBathymetricMap.do?filename=00255001.PDF|https://a100.gov.bc.ca/pub/fidq/downloadBathymetricMap.do?filename=00255002.PDF
00198VICT,https://a100.gov.bc.ca/pub/fidq/downloadBathymetricMap.do?filename=00116201.PDF
00199FRCN,https://a100.gov.bc.ca/pub/fidq/downloadBathymetricMap.do?filename=00313101.PDF|https://a100.gov.bc.ca/pub/fidq/downloadBathymetricMap.do?filename=00313201.PDF
00199HARR,https://a100.gov.bc.ca/pub/fidq/downloadBathymetricMap.do?filename=00224401.PDF
00200CAMB,https://a100.gov.bc.ca/pub/fidq/downloadBathymetricMap.do?filename=00200101.PDF
00201COMX,https://a100.gov.bc.ca/pub/fidq/downloadBathymetricMap.do?filename=00031701.PDF
00201JERV,https://a100.gov.bc.ca/pub/fidq/downloadBathymetricMap.do?filename=00051301.PDF
00201KNIG,https://a100.gov.bc.ca/pub/fidq/downloadBathymetricMap.do?filename=00277901.PDF
00201VICT,https://a100.gov.bc.ca/pub/fidq/downloadBathymetricMap.do?filename=00137001.PDF|https://a100.gov.bc.ca/pub/fidq/downloadBathymetricMap.do?filename=00137101.PDF
00202HOLB,https://a100.gov.bc.ca/pub/fidq/downloadBathymetricMap.do?filename=00126201.PDF
00202MORK,https://a100.gov.bc.ca/pub/fidq/downloadBathymetricMap.do?filename=00257301.PDF
00203COWN,https://a100.gov.bc.ca/pub/fidq/downloadBathymetricMap.do?filename=00307301.PDF
00203NAHR,https://a100.gov.bc.ca/pub/fidq/downloadBathymetricMap.do?filename=00225501.PDF
00203NICL,https://a100.gov.bc.ca/pub/fidq/downloadBathymetricMap.do?filename=00236501.PDF
00204COWN,https://a100.gov.bc.ca/pub/fidq/downloadBathymetricMap.do?filename=00268901.PDF|https://a100.gov.bc.ca/pub/fidq/downloadBathymetricMap.do?filename=00140801.PDF|https://a100.gov.bc.ca/pub/fidq/downloadBathymetricMap.do?filename=00199901.PDF
00205COMX,https://a100.gov.bc.ca/pub/fidq/downloadBathymetricMap.do?filename=00255701.PDF
00205HOLB,https://a100.gov.bc.ca/pub/fidq/downloadBathymetricMap.do?filename=00049201.PDF
00206COWN,https://a100.gov.bc.ca/pub/fidq/downloadBathymetricMap.do?filename=00260201.PDF|https://a100.gov.bc.ca/pub/fidq/downloadBathymetricMap.do?filename=00114901.PDF
00207JERV,https://a100.gov.bc.ca/pub/fidq/downloadBathymetricMap.do?filename=00179401.PDF|https://a100.gov.bc.ca/pub/fidq/downloadBathymetricMap.do?filename=00179402.PDF
00207LNTH,https://a100.gov.bc.ca/pub/fidq/downloadBathymetricMap.do?filename=00341901.PDF
00208FRCN,https://a100.gov.bc.ca/pub/fidq/downloadBathymetricMap.do?filename=00062601.PDF
00209BRKS,https://a100.gov.bc.ca/pub/fidq/downloadBathymetricMap.do?filename=00181201.PDF
00209MIDR,https://a100.gov.bc.ca/pub/fidq/downloadBathymetricMap.do?filename=00317301.PDF
00209OKAN,https://a100.gov.bc.ca/pub/fidq/downloadBathymetricMap.do?filename=00133001.PDF|https://a100.gov.bc.ca/pub/fidq/downloadBathymetricMap.do?filename=00278001.PDF|https://a100.gov.bc.ca/pub/fidq/downloadBathymetricMap.do?filename=00133002.PDF
00212BRKS,https://a100.gov.bc.ca/pub/fidq/downloadBathymetricMap.do?filename=00278401.PDF
00212CARR,https://a100.gov.bc.ca/pub/fidq/downloadBathymetricMap.do?filename=00036001.PDF
00212CRKD,https://a100.gov.bc.ca/pub/fidq/downloadBathymetricMap.do?filename=00165601.PDF
00212DUNC,https://a100.gov.bc.ca/pub/fidq/downloadBathymetricMap.do?filename=00243301.PDF
00212VICT,https://a100.gov.bc.ca/pub/fidq/downloadBathymetricMap.do?filename=00073401.PDF
00213PCEA,https://a100.gov.bc.ca/pub/fidq/downloadBathymetricMap.do?filename=00116901.PDF
00214BULL,https://a100.gov.bc.ca/pub/fidq/downloadBathymetricMap.do?filename=00144101.PDF
00214LEUT,https://a100.gov.bc.ca/pub/fidq/downloadBathymetricMap.do?filename=00213601.PDF
00214SANJ,https://a100.gov.bc.ca/pub/fidq/downloadBathymetricMap.do?filename=00272601.PDF
00214VICT,https://a100.gov.bc.ca/pub/fidq/downloadBathymetricMap.do?filename=00015501.PDF|https://a100.gov.bc.ca/pub/fidq/downloadBathymetricMap.do?filename=00289501.PDF
00216BRKS,https://a100.gov.bc.ca/pub/fidq/downloadBathymetricMap.do?filename=00230901.PDF
00216MAHD,https://a100.gov.bc.ca/pub/fidq/downloadBathymetricMap.do?filename=00075801.PDF
00216NIMP,https://a100.gov.bc.ca/pub/fidq/downloadBathymetricMap.do?filename=00279001.PDF
00216UNRS,https://a100.gov.bc.ca/pub/fidq/downloadBathymetricMap.do?filename=00262301.PDF
00217BULL,https://a100.gov.bc.ca/pub/fidq/downloadBathymetricMap.do?filename=00072401.PDF
00218JERV,https://a100.gov.bc.ca/pub/fidq/downloadBathymetricMap.do?filename=00057101.PDF
00218LBIR,https://a100.gov.bc.ca/pub/fidq/downloadBathymetricMap.do?filename=00233601.PDF|https://a100.gov.bc.ca/pub/fidq/downloadBathymetricMap.do?filename=00095001.PDF|https://a100.gov.bc.ca/pub/fidq/downloadBathymetricMap.do?filename=00094901.PDF
00218STUL,https://a100.gov.bc.ca/pub/fidq/downloadBathymetricMap.do?filename=00181801.PDF
00218THOM,https://a100.gov.bc.ca/pub/fidq/downloadBathymetricMap.do?filename=00131901.PDF
00219LDEN,https://a100.gov.bc.ca/pub/fidq/downloadBathymetricMap.do?filename=00191401.PDF
00219PCEA,https://a100.gov.bc.ca/pub/fidq/downloadBathymetricMap.do?filename=00101501.PDF
00219UARL,https://a100.gov.bc.ca/pub/fidq/downloadBathymetricMap.do?filename=00033301.PDF
00220FRAN,https://a100.gov.bc.ca/pub/fidq/downloadBathymetricMap.do?filename=00085901.PDF
00220HARR,https://a100.gov.bc.ca/pub/fidq/downloadBathymetricMap.do?filename=00206601.PDF
00222ZYMO,https://a100.gov.bc.ca/pub/fidq/downloadBathymetricMap.do?filename=00181701.PDF
00223ALBN,https://a100.gov.bc.ca/pub/fidq/downloadBathymetricMap.do?filename=00166201.PDF
00223LNTH,https://a100.gov.bc.ca/pub/fidq/downloadBathymetricMap.do?filename=00341401.PDF
00223VICT,https://a100.gov.bc.ca/pub/fidq/downloadBathymetricMap.do?filename=00162201.PDF
00224HORS,https://a100.gov.bc.ca/pub/fidq/downloadBathymetricMap.do?filename=00056501.PDF
00224LNTH,https://a100.gov.bc.ca/pub/fidq/downloadBathymetricMap.do?filename=00341601.PDF
00226BRKS,https://a100.gov.bc.ca/pub/fidq/downloadBathymetricMap.do?filename=00082501.PDF
00226VICT,https://a100.gov.bc.ca/pub/fidq/downloadBathymetricMap.do?filename=00299501.PDF
00227BRID,https://a100.gov.bc.ca/pub/fidq/downloadBathymetricMap.do?filename=00106201.PDF
00227FRAN,https://a100.gov.bc.ca/pub/fidq/downloadBathymetricMap.do?filename=00257401.PDF
00227SPAT,https://a100.gov.bc.ca/pub/fidq/downloadBathymetricMap.do?filename=00067901.PDF
00228CAMB,https://a100.gov.bc.ca/pub/fidq/downloadBathymetricMap.do?filename=00249301.PDF
00228FRAN,https://a100.gov.bc.ca/pub/fidq/downloadBathymetricMap.do?filename=00286701.PDF|https://a100.gov.bc.ca/pub/fidq/downloadBathymetricMap.do?filename=00286702.PDF|https://a100.gov.bc.ca/pub/fidq/downloadBathymetricMap.do?filename=00286703.PDF
00229NAHR,https://a100.gov.bc.ca/pub/fidq/downloadBathymetricMap.do?filename=00255501.PDF
00229STHM,https://a100.gov.bc.ca/pub/fidq/downloadBathymetricMap.do?filename=00132701.PDF
00229TURN,https://a100.gov.bc.ca/pub/fidq/downloadBathymetricMap.do?filename=00232901.PDF
00231MFRA,https://a100.gov.bc.ca/pub/fidq/downloadBathymetricMap.do?filename=00234901.PDF
00231MIDR,https://a100.gov.bc.ca/pub/fidq/downloadBathymetricMap.do?filename=00170401.PDF|https://a100.gov.bc.ca/pub/fidq/downloadBathymetricMap.do?filename=00170402.PDF
00231SALM,https://a100.gov.bc.ca/pub/fidq/downloadBathymetricMap.do?filename=00207201.PDF
00232MURR,https://a100.gov.bc.ca/pub/fidq/downloadBathymetricMap.do?filename=00162901.PDF
00232MUSK,https://a100.gov.bc.ca/pub/fidq/downloadBathymetricMap.do?filename=00066401.PDF
00232PINE,https://a100.gov.bc.ca/pub/fidq/downloadBathymetricMap.do?filename=00207801.PDF
00232SALM,https://a100.gov.bc.ca/pub/fidq/downloadBathymetricMap.do?filename=00104201.PDF
00232TOBA,https://a100.gov.bc.ca/pub/fidq/downloadBathymetricMap.do?filename=00348601.PDF
00232TSIT,https://a100.gov.bc.ca/pub/fidq/downloadBathymetricMap.do?filename=00287501.PDF|https://a100.gov.bc.ca/pub/fidq/downloadBathymetricMap.do?filename=00287502.PDF
00233TOAD,https://a100.gov.bc.ca/pub/fidq/downloadBathymetricMap.do?filename=00269601.PDF
00234GOLD,https://a100.gov.bc.ca/pub/fidq/downloadBathymetricMap.do?filename=00121601.PDF
00234UKEC,https://a100.gov.bc.ca/pub/fidq/downloadBathymetricMap.do?filename=00262201.PDF
00235VICT,https://a100.gov.bc.ca/pub/fidq/downloadBathymetricMap.do?filename=00145501.PDF
00236VICT,https://a100.gov.bc.ca/pub/fidq/downloadBathymetricMap.do?filename=00163801.PDF
00237CAMB,https://a100.gov.bc.ca/pub/fidq/downloadBathymetricMap.do?filename=00124701.PDF
00238COLR,https://a100.gov.bc.ca/pub/fidq/downloadBathymetricMap.do?filename=00045401.PDF
00238JERV,https://a100.gov.bc.ca/pub/fidq/downloadBathymetricMap.do?filename=00071601.PDF
00239BRID,https://a100.gov.bc.ca/pub/fidq/downloadBathymetricMap.do?filename=00121901.PDF
00239HORS,https://a100.gov.bc.ca/pub/fidq/downloadBathymetricMap.do?filename=00092201.PDF
00239SQAM,https://a100.gov.bc.ca/pub/fidq/downloadBathymetricMap.do?filename=00129901.PDF
00239VICT,https://a100.gov.bc.ca/pub/fidq/downloadBathymetricMap.do?filename=00064501.PDF|https://a100.gov.bc.ca/pub/fidq/downloadBathymetricMap.do?filename=00038201.PDF
00240HARR,https://a100.gov.bc.ca/pub/fidq/downloadBathymetricMap.do?filename=00301001.PDF|https://a100.gov.bc.ca/pub/fidq/downloadBathymetricMap.do?filename=00256001.PDF
00240SETN,https://a100.gov.bc.ca/pub/fidq/downloadBathymetricMap.do?filename=00132001.PDF
00240VICT,https://a100.gov.bc.ca/pub/fidq/downloadBathymetricMap.do?filename=00139301.PDF|https://a100.gov.bc.ca/pub/fidq/downloadBathymetricMap.do?filename=00149001.PDF
00241LNRS,https://a100.gov.bc.ca/pub/fidq/downloadBathymetricMap.do?filename=00178701.PDF
00241SALM,https://a100.gov.bc.ca/pub/fidq/downloadBathymetricMap.do?filename=00061901.PDF
00241SQAM,https://a100.gov.bc.ca/pub/fidq/downloadBathymetricMap.do?filename=00108101.PDF
00241TOBA,https://a100.gov.bc.ca/pub/fidq/downloadBathymetricMap.do?filename=00344701.PDF
00242PARK,https://a100.gov.bc.ca/pub/fidq/downloadBathymetricMap.do?filename=00273201.PDF
00243PARA,https://a100.gov.bc.ca/pub/fidq/downloadBathymetricMap.do?filename=00198901.PDF
00244PARK,https://a100.gov.bc.ca/pub/fidq/downloadBathymetricMap.do?filename=00079001.PDF
00244TABR,https://a100.gov.bc.ca/pub/fidq/downloadBathymetricMap.do?filename=00126901.PDF
00245SETN,https://a100.gov.bc.ca/pub/fidq/downloadBathymetricMap.do?filename=00126701.PDF
00245SLOC,https://a100.gov.bc.ca/pub/fidq/downloadBathymetricMap.do?filename=00229601.PDF
00245SMAR,https://a100.gov.bc.ca/pub/fidq/downloadBathymetricMap.do?filename=00032301.PDF
00246STHM,https://a100.gov.bc.ca/pub/fidq/downloadBathymetricMap.do?filename=00083601.PDF|https://a100.gov.bc.ca/pub/fidq/downloadBathymetricMap.do?filename=00275401.PDF
00246UISR,https://a100.gov.bc.ca/pub/fidq/downloadBathymetricMap.do?filename=00184901.PDF
00247BULL,https://a100.gov.bc.ca/pub/fidq/downloadBathymetricMap.do?filename=00171501.PDF
00247HARR,https://a100.gov.bc.ca/pub/fidq/downloadBathymetricMap.do?filename=00172301.PDF
00247HOMA,https://a100.gov.bc.ca/pub/fidq/downloadBathymetricMap.do?filename=00183101.PDF
00247VICT,https://a100.gov.bc.ca/pub/fidq/downloadBathymetricMap.do?filename=00015501.PDF|https://a100.gov.bc.ca/pub/fidq/downloadBathymetricMap.do?filename=00289501.PDF
00248LILL,https://a100.gov.bc.ca/pub/fidq/downloadBathymetricMap.do?filename=00236201.PDF
00249LOMI,https://a100.gov.bc.ca/pub/fidq/downloadBathymetricMap.do?filename=00225301.PDF
00249PARK,https://a100.gov.bc.ca/pub/fidq/downloadBathymetricMap.do?filename=00151401.PDF|https://a100.gov.bc.ca/pub/fidq/downloadBathymetricMap.do?filename=00215701.PDF
00250GUIC,https://a100.gov.bc.ca/pub/fidq/downloadBathymetricMap.do?filename=00105201.PDF
00250HARR,https://a100.gov.bc.ca/pub/fidq/downloadBathymetricMap.do?filename=00301001.PDF|https://a100.gov.bc.ca/pub/fidq/downloadBathymetricMap.do?filename=00166701.PDF
00251CAMB,https://a100.gov.bc.ca/pub/fidq/downloadBathymetricMap.do?filename=00165001.PDF
00252BRID,https://a100.gov.bc.ca/pub/fidq/downloadBathymetricMap.do?filename=00218701.PDF
00252CAMB,https://a100.gov.bc.ca/pub/fidq/downloadBathymetricMap.do?filename=00116701.PDF|https://a100.gov.bc.ca/pub/fidq/downloadBathymetricMap.do?filename=00235201.PDF
00252HARR,https://a100.gov.bc.ca/pub/fidq/downloadBathymetricMap.do?filename=00261101.PDF
00254SALM,https://a100.gov.bc.ca/pub/fidq/downloadBathymetricMap.do?filename=00126801.PDF
00254VICT,https://a100.gov.bc.ca/pub/fidq/downloadBathymetricMap.do?filename=00299501.PDF
00255CHIL,https://a100.gov.bc.ca/pub/fidq/downloadBathymetricMap.do?filename=00171101.PDF
00255JERV,https://a100.gov.bc.ca/pub/fidq/downloadBathymetricMap.do?filename=00058001.PDF
00255SMAR,https://a100.gov.bc.ca/pub/fidq/downloadBathymetricMap.do?filename=00041801.PDF
00255VICT,https://a100.gov.bc.ca/pub/fidq/downloadBathymetricMap.do?filename=00125601.PDF
00256LNTH,https://a100.gov.bc.ca/pub/fidq/downloadBathymetricMap.do?filename=00341301.PDF
00256MORK,https://a100.gov.bc.ca/pub/fidq/downloadBathymetricMap.do?filename=00107701.PDF
00256SANJ,https://a100.gov.bc.ca/pub/fidq/downloadBathymetricMap.do?filename=00138701.PDF
00256VICT,https://a100.gov.bc.ca/pub/fidq/downloadBathymetricMap.do?filename=00063201.PDF
00257BRID,https://a100.gov.bc.ca/pub/fidq/downloadBathymetricMap.do?filename=00061801.PDF
00257GUIC,https://a100.gov.bc.ca/pub/fidq/downloadBathymetricMap.do?filename=00146101.PDF
00257HARR,https://a100.gov.bc.ca/pub/fidq/downloadBathymetricMap.do?filename=00038301.PDF
00258SALR,https://a100.gov.bc.ca/pub/fidq/downloadBathymetricMap.do?filename=00144801.PDF
00258ZYMO,https://a100.gov.bc.ca/pub/fidq/downloadBathymetricMap.do?filename=00053801.PDF
00259BONP,https://a100.gov.bc.ca/pub/fidq/downloadBathymetricMap.do?filename=00146301.PDF|https://a100.gov.bc.ca/pub/fidq/downloadBathymetricMap.do?filename=00204701.PDF
00259COLR,https://a100.gov.bc.ca/pub/fidq/downloadBathymetricMap.do?filename=00070901.PDF
00260COLR,https://a100.gov.bc.ca/pub/fidq/downloadBathymetricMap.do?filename=00070901.PDF
00260MORK,https://a100.gov.bc.ca/pub/fidq/downloadBathymetricMap.do?filename=00194101.PDF
00260MSTR,https://a100.gov.bc.ca/pub/fidq/downloadBathymetricMap.do?filename=00266201.PDF
00261LNTH,https://a100.gov.bc.ca/pub/fidq/downloadBathymetricMap.do?filename=00329901.PDF|https://a100.gov.bc.ca/pub/fidq/downloadBathymetricMap.do?filename=00346601.PDF|https://a100.gov.bc.ca/pub/fidq/downloadBathymetricMap.do?filename=00274901.PDF
00262SLOC,https://a100.gov.bc.ca/pub/fidq/downloadBathymetricMap.do?filename=00116501.PDF
00262SMAR,https://a100.gov.bc.ca/pub/fidq/downloadBathymetricMap.do?filename=00199601.PDF
00262THOM,https://a100.gov.bc.ca/pub/fidq/downloadBathymetricMap.do?filename=00092601.PDF|https://a100.gov.bc.ca/pub/fidq/downloadBathymetricMap.do?filename=00092501.PDF|https://a100.gov.bc.ca/pub/fidq/downloadBathymetricMap.do?filename=00298001.PDF
00262UKEC,https://a100.gov.bc.ca/pub/fidq/downloadBathymetricMap.do?filename=00188401.PDF
00263FRAN,https://a100.gov.bc.ca/pub/fidq/downloadBathymetricMap.do?filename=00108301.PDF
00265HARR,https://a100.gov.bc.ca/pub/fidq/downloadBathymetricMap.do?filename=00058101.PDF
00265MURT,https://a100.gov.bc.ca/pub/fidq/downloadBathymetricMap.do?filename=00229101.PDF|https://a100.gov.bc.ca/pub/fidq/downloadBathymetricMap.do?filename=00285601.PDF|https://a100.gov.bc.ca/pub/fidq/downloadBathymetricMap.do?filename=00285602.PDF
00265SANJ,https://a100.gov.bc.ca/pub/fidq/downloadBathymetricMap.do?filename=00248101.PDF
00266JERV,https://a100.gov.bc.ca/pub/fidq/downloadBathymetricMap.do?filename=00141201.PDF
00266UNRS,https://a100.gov.bc.ca/pub/fidq/downloadBathymetricMap.do?filename=00206301.PDF
00267CHES,https://a100.gov.bc.ca/pub/fidq/downloadBathymetricMap.do?filename=00216501.PDF
00267SLOC,https://a100.gov.bc.ca/pub/fidq/downloadBathymetricMap.do?filename=00247501.PDF
00269GUIC,https://a100.gov.bc.ca/pub/fidq/downloadBathymetricMap.do?filename=00311701.PDF
00270LNTH,https://a100.gov.bc.ca/pub/fidq/downloadBathymetricMap.do?filename=00119201.PDF
00271ADMS,https://a100.gov.bc.ca/pub/fidq/downloadBathymetricMap.do?filename=00069301.PDF
00271HARR,https://a100.gov.bc.ca/pub/fidq/downloadBathymetricMap.do?filename=00301001.PDF|https://a100.gov.bc.ca/pub/fidq/downloadBathymetricMap.do?filename=00252901.PDF
00271TSIT,https://a100.gov.bc.ca/pub/fidq/downloadBathymetricMap.do?filename=00070601.PDF
00273COMX,https://a100.gov.bc.ca/pub/fidq/downloadBathymetricMap.do?filename=00175601.PDF
00273HARR,https://a100.gov.bc.ca/pub/fidq/downloadBathymetricMap.do?filename=00224201.PDF
00274LOMI,https://a100.gov.bc.ca/pub/fidq/downloadBathymetricMap.do?filename=00225901.PDF
00275LNTH,https://a100.gov.bc.ca/pub/fidq/downloadBathymetricMap.do?filename=00269001.PDF
00276GOLD,https://a100.gov.bc.ca/pub/fidq/downloadBathymetricMap.do?filename=00161401.PDF
00276UBIR,https://a100.gov.bc.ca/pub/fidq/downloadBathymetricMap.do?filename=00095101.PDF
00276VICT,https://a100.gov.bc.ca/pub/fidq/downloadBathymetricMap.do?filename=00121701.PDF
00277PARK,https://a100.gov.bc.ca/pub/fidq/downloadBathymetricMap.do?filename=00247301.PDF
00277PINE,https://a100.gov.bc.ca/pub/fidq/downloadBathymetricMap.do?filename=00111201.PDF|https://a100.gov.bc.ca/pub/fidq/downloadBathymetricMap.do?filename=00020601.PDF
00278LNTH,https://a100.gov.bc.ca/pub/fidq/downloadBathymetricMap.do?filename=00063601.PDF
00278TABR,https://a100.gov.bc.ca/pub/fidq/downloadBathymetricMap.do?filename=00146201.PDF
00279FRAN,https://a100.gov.bc.ca/pub/fidq/downloadBathymetricMap.do?filename=00138201.PDF
00279GUIC,https://a100.gov.bc.ca/pub/fidq/downloadBathymetricMap.do?filename=00225701.PDF|https://a100.gov.bc.ca/pub/fidq/downloadBathymetricMap.do?filename=00171301.PDF
00280CAMB,https://a100.gov.bc.ca/pub/fidq/downloadBathymetricMap.do?filename=00298601.PDF
00280COWN,https://a100.gov.bc.ca/pub/fidq/downloadBathymetricMap.do?filename=00156801.PDF
00280SANJ,https://a100.gov.bc.ca/pub/fidq/downloadBathymetricMap.do?filename=00172501.PDF
00280SMOK,https://a100.gov.bc.ca/pub/fidq/downloadBathymetricMap.do?filename=00067501.PDF
00280WILL,https://a100.gov.bc.ca/pub/fidq/downloadBathymetricMap.do?filename=00065801.PDF
00281LCHR,https://a100.gov.bc.ca/pub/fidq/downloadBathymetricMap.do?filename=00230201.PDF
00281ZYMO,https://a100.gov.bc.ca/pub/fidq/downloadBathymetricMap.do?filename=00106901.PDF
00282HARR,https://a100.gov.bc.ca/pub/fidq/downloadBathymetricMap.do?filename=00054601.PDF
00282LILL,https://a100.gov.bc.ca/pub/fidq/downloadBathymetricMap.do?filename=00131701.PDF
00283COLR,https://a100.gov.bc.ca/pub/fidq/downloadBathymetricMap.do?filename=00045301.PDF
00283FRAN,https://a100.gov.bc.ca/pub/fidq/downloadBathymetricMap.do?filename=00277501.PDF
00283SQAM,https://a100.gov.bc.ca/pub/fidq/downloadBathymetricMap.do?filename=00276101.PDF
00285DEAL,https://a100.gov.bc.ca/pub/fidq/downloadBathymetricMap.do?filename=00318101.PDF
00285FOXR,https://a100.gov.bc.ca/pub/fidq/downloadBathymetricMap.do?filename=00226101.PDF
00286COWN,https://a100.gov.bc.ca/pub/fidq/downloadBathymetricMap.do?filename=00139201.PDF
00286ELKR,https://a100.gov.bc.ca/pub/fidq/downloadBathymetricMap.do?filename=00218901.PDF
00286LNTH,https://a100.gov.bc.ca/pub/fidq/downloadBathymetricMap.do?filename=00124101.PDF
00286SANJ,https://a100.gov.bc.ca/pub/fidq/downloadBathymetricMap.do?filename=00084401.PDF|https://a100.gov.bc.ca/pub/fidq/downloadBathymetricMap.do?filename=00032201.PDF
00287NATR,https://a100.gov.bc.ca/pub/fidq/downloadBathymetricMap.do?filename=00355501.PDF
00288TSIT,https://a100.gov.bc.ca/pub/fidq/downloadBathymetricMap.do?filename=00143701.PDF
00289DOGC,https://a100.gov.bc.ca/pub/fidq/downloadBathymetricMap.do?filename=00006301.PDF
00289SETN,https://a100.gov.bc.ca/pub/fidq/downloadBathymetricMap.do?filename=00285801.PDF|https://a100.gov.bc.ca/pub/fidq/downloadBathymetricMap.do?filename=00285802.PDF
00289TWAC,https://a100.gov.bc.ca/pub/fidq/downloadBathymetricMap.do?filename=00213401.PDF
00290HARR,https://a100.gov.bc.ca/pub/fidq/downloadBathymetricMap.do?filename=00184601.PDF
00290LNTH,https://a100.gov.bc.ca/pub/fidq/downloadBathymetricMap.do?filename=00099201.PDF
00290NAZR,https://a100.gov.bc.ca/pub/fidq/downloadBathymetricMap.do?filename=00155701.PDF
00292ADMS,https://a100.gov.bc.ca/pub/fidq/downloadBathymetricMap.do?filename=00069301.PDF
00292CARP,https://a100.gov.bc.ca/pub/fidq/downloadBathymetricMap.do?filename=00171701.PDF
00293THOM,https://a100.gov.bc.ca/pub/fidq/downloadBathymetricMap.do?filename=00170001.PDF
00293VICT,https://a100.gov.bc.ca/pub/fidq/downloadBathymetricMap.do?filename=00162801.PDF
00294VICT,https://a100.gov.bc.ca/pub/fidq/downloadBathymetricMap.do?filename=00122601.PDF
00295BULL,https://a100.gov.bc.ca/pub/fidq/downloadBathymetricMap.do?filename=00295101.PDF|https://a100.gov.bc.ca/pub/fidq/downloadBathymetricMap.do?filename=00131301.PDF|https://a100.gov.bc.ca/pub/fidq/downloadBathymetricMap.do?filename=00194301.PDF
00295TWAC,https://a100.gov.bc.ca/pub/fidq/downloadBathymetricMap.do?filename=00182401.PDF
00296CRKD,https://a100.gov.bc.ca/pub/fidq/downloadBathymetricMap.do?filename=00221601.PDF
00296VICT,https://a100.gov.bc.ca/pub/fidq/downloadBathymetricMap.do?filename=00160501.PDF
00297GOLD,https://a100.gov.bc.ca/pub/fidq/downloadBathymetricMap.do?filename=00108401.PDF
00298BRID,https://a100.gov.bc.ca/pub/fidq/downloadBathymetricMap.do?filename=00244101.PDF
00298EUCL,https://a100.gov.bc.ca/pub/fidq/downloadBathymetricMap.do?filename=00289801.PDF|https://a100.gov.bc.ca/pub/fidq/downloadBathymetricMap.do?filename=00289802.PDF|https://a100.gov.bc.ca/pub/fidq/downloadBathymetricMap.do?filename=00289803.PDF|https://a100.gov.bc.ca/pub/fidq/downloadBathymetricMap.do?filename=00289804.PDF
00299BRID,https://a100.gov.bc.ca/pub/fidq/downloadBathymetricMap.do?filename=00077101.PDF
00300SANJ,https://a100.gov.bc.ca/pub/fidq/downloadBathymetricMap.do?filename=00214301.PDF|https://a100.gov.bc.ca/pub/fidq/downloadBathymetricMap.do?filename=00214302.PDF
00300UEUT,https://a100.gov.bc.ca/pub/fidq/downloadBathymetricMap.do?filename=00161301.PDF
00301JERV,https://a100.gov.bc.ca/pub/fidq/downloadBathymetricMap.do?filename=00098101.PDF
00301USHU,https://a100.gov.bc.ca/pub/fidq/downloadBathymetricMap.do?filename=00307601.PDF
00302COMX,https://a100.gov.bc.ca/pub/fidq/downloadBathymetricMap.do?filename=00075601.PDF
00302JERV,https://a100.gov.bc.ca/pub/fidq/downloadBathymetricMap.do?filename=00262701.PDF
00302NIMP,https://a100.gov.bc.ca/pub/fidq/downloadBathymetricMap.do?filename=00080401.PDF
00302UNRS,https://a100.gov.bc.ca/pub/fidq/downloadBathymetricMap.do?filename=00224701.PDF|https://a100.gov.bc.ca/pub/fidq/downloadBathymetricMap.do?filename=00224702.PDF
00303CHIL,https://a100.gov.bc.ca/pub/fidq/downloadBathymetricMap.do?filename=00139701.PDF
00304SIML,https://a100.gov.bc.ca/pub/fidq/downloadBathymetricMap.do?filename=00183301.PDF|https://a100.gov.bc.ca/pub/fidq/downloadBathymetricMap.do?filename=00183201.PDF
00304VICT,https://a100.gov.bc.ca/pub/fidq/downloadBathymetricMap.do?filename=00022001.PDF
00304WILL,https://a100.gov.bc.ca/pub/fidq/downloadBathymetricMap.do?filename=00171401.PDF
00305NATR,https://a100.gov.bc.ca/pub/fidq/downloadBathymetricMap.do?filename=00101701.PDF
00305UNRS,https://a100.gov.bc.ca/pub/fidq/downloadBathymetricMap.do?filename=00146901.PDF
00305VICT,https://a100.gov.bc.ca/pub/fidq/downloadBathymetricMap.do?filename=00266901.PDF
00306CAMB,https://a100.gov.bc.ca/pub/fidq/downloadBathymetricMap.do?filename=00298601.PDF
00306VICT,https://a100.gov.bc.ca/pub/fidq/downloadBathymetricMap.do?filename=00123701.PDF|https://a100.gov.bc.ca/pub/fidq/downloadBathymetricMap.do?filename=00266901.PDF
00307JERV,https://a100.gov.bc.ca/pub/fidq/downloadBathymetricMap.do?filename=00148801.PDF
00308HARR,https://a100.gov.bc.ca/pub/fidq/downloadBathymetricMap.do?filename=00116801.PDF
00308HORS,https://a100.gov.bc.ca/pub/fidq/downloadBathymetricMap.do?filename=00102001.PDF
00308NARC,https://a100.gov.bc.ca/pub/fidq/downloadBathymetricMap.do?filename=00052601.PDF
00308NASC,https://a100.gov.bc.ca/pub/fidq/downloadBathymetricMap.do?filename=00289601.PDF|https://a100.gov.bc.ca/pub/fidq/downloadBathymetricMap.do?filename=00289602.PDF
00308UNRS,https://a100.gov.bc.ca/pub/fidq/downloadBathymetricMap.do?filename=00188301.PDF
00309COWN,https://a100.gov.bc.ca/pub/fidq/downloadBathymetricMap.do?filename=00273801.PDF
00309PARS,https://a100.gov.bc.ca/pub/fidq/downloadBathymetricMap.do?filename=00048601.PDF
00312COMX,https://a100.gov.bc.ca/pub/fidq/downloadBathymetricMap.do?filename=00113201.PDF
00312FRAN,https://a100.gov.bc.ca/pub/fidq/downloadBathymetricMap.do?filename=00194901.PDF|https://a100.gov.bc.ca/pub/fidq/downloadBathymetricMap.do?filename=00194902.PDF
00313BULL,https://a100.gov.bc.ca/pub/fidq/downloadBathymetricMap.do?filename=00209501.PDF|https://a100.gov.bc.ca/pub/fidq/downloadBathymetricMap.do?filename=00219101.PDF
00313COWN,https://a100.gov.bc.ca/pub/fidq/downloadBathymetricMap.do?filename=00164701.PDF
00313LARL,https://a100.gov.bc.ca/pub/fidq/downloadBathymetricMap.do?filename=00128501.PDF|https://a100.gov.bc.ca/pub/fidq/downloadBathymetricMap.do?filename=00137201.PDF
00313NECR,https://a100.gov.bc.ca/pub/fidq/downloadBathymetricMap.do?filename=00283501.PDF
00313UARL,https://a100.gov.bc.ca/pub/fidq/downloadBathymetricMap.do?filename=00025401.PDF|https://a100.gov.bc.ca/pub/fidq/downloadBathymetricMap.do?filename=00025402.PDF
00313UBIR,https://a100.gov.bc.ca/pub/fidq/downloadBathymetricMap.do?filename=00124201.PDF
00313VICT,https://a100.gov.bc.ca/pub/fidq/downloadBathymetricMap.do?filename=00152801.PDF
00314PARS,https://a100.gov.bc.ca/pub/fidq/downloadBathymetricMap.do?filename=00241301.PDF
00315SMOK,https://a100.gov.bc.ca/pub/fidq/downloadBathymetricMap.do?filename=00127601.PDF
00315UFRA,https://a100.gov.bc.ca/pub/fidq/downloadBathymetricMap.do?filename=00091201.PDF
00315VICT,https://a100.gov.bc.ca/pub/fidq/downloadBathymetricMap.do?filename=00161701.PDF|https://a100.gov.bc.ca/pub/fidq/downloadBathymetricMap.do?filename=00150201.PDF
00316CRYL,https://a100.gov.bc.ca/pub/fidq/downloadBathymetricMap.do?filename=00229401.PDF
00316PARK,https://a100.gov.bc.ca/pub/fidq/downloadBathymetricMap.do?filename=00113801.PDF
00318SQAM,https://a100.gov.bc.ca/pub/fidq/downloadBathymetricMap.do?filename=00097401.PDF
00319HARR,https://a100.gov.bc.ca/pub/fidq/downloadBathymetricMap.do?filename=00246601.PDF
00319NAZR,https://a100.gov.bc.ca/pub/fidq/downloadBathymetricMap.do?filename=00122101.PDF
00319SMAR,https://a100.gov.bc.ca/pub/fidq/downloadBathymetricMap.do?filename=00297101.PDF
00319SQAM,https://a100.gov.bc.ca/pub/fidq/downloadBathymetricMap.do?filename=00237001.PDF
00320BRKS,https://a100.gov.bc.ca/pub/fidq/downloadBathymetricMap.do?filename=00199001.PDF
00320UNRS,https://a100.gov.bc.ca/pub/fidq/downloadBathymetricMap.do?filename=00248801.PDF
00321COTR,https://a100.gov.bc.ca/pub/fidq/downloadBathymetricMap.do?filename=00265801.PDF
00321HORS,https://a100.gov.bc.ca/pub/fidq/downloadBathymetricMap.do?filename=00141701.PDF
00321PINE,https://a100.gov.bc.ca/pub/fidq/downloadBathymetricMap.do?filename=00083001.PDF|https://a100.gov.bc.ca/pub/fidq/downloadBathymetricMap.do?filename=00275301.PDF
00322VICT,https://a100.gov.bc.ca/pub/fidq/downloadBathymetricMap.do?filename=00159901.PDF
00323ADMS,https://a100.gov.bc.ca/pub/fidq/downloadBathymetricMap.do?filename=00072001.PDF
00323KISK,https://a100.gov.bc.ca/pub/fidq/downloadBathymetricMap.do?filename=00165401.PDF
00324COMX,https://a100.gov.bc.ca/pub/fidq/downloadBathymetricMap.do?filename=00041001.PDF
00324SALM,https://a100.gov.bc.ca/pub/fidq/downloadBathymetricMap.do?filename=00228201.PDF
00324UARL,https://a100.gov.bc.ca/pub/fidq/downloadBathymetricMap.do?filename=00108701.PDF
00324VICT,https://a100.gov.bc.ca/pub/fidq/downloadBathymetricMap.do?filename=00063901.PDF|https://a100.gov.bc.ca/pub/fidq/downloadBathymetricMap.do?filename=00064001.PDF
00325KETL,https://a100.gov.bc.ca/pub/fidq/downloadBathymetricMap.do?filename=00129101.PDF
00326LILL,https://a100.gov.bc.ca/pub/fidq/downloadBathymetricMap.do?filename=00270001.PDF
00327FOXR,https://a100.gov.bc.ca/pub/fidq/downloadBathymetricMap.do?filename=00237101.PDF
00327JERV,https://a100.gov.bc.ca/pub/fidq/downloadBathymetricMap.do?filename=00222701.PDF
00328DEAD,https://a100.gov.bc.ca/pub/fidq/downloadBathymetricMap.do?filename=00044201.PDF
00329JERV,https://a100.gov.bc.ca/pub/fidq/downloadBathymetricMap.do?filename=00131401.PDF
00330VICT,https://a100.gov.bc.ca/pub/fidq/downloadBathymetricMap.do?filename=00093801.PDF|https://a100.gov.bc.ca/pub/fidq/downloadBathymetricMap.do?filename=00093701.PDF|https://a100.gov.bc.ca/pub/fidq/downloadBathymetricMap.do?filename=00177101.PDF
00331HARR,https://a100.gov.bc.ca/pub/fidq/downloadBathymetricMap.do?filename=00153201.PDF
00331HORS,https://a100.gov.bc.ca/pub/fidq/downloadBathymetricMap.do?filename=00103201.PDF
00332PCEA,https://a100.gov.bc.ca/pub/fidq/downloadBathymetricMap.do?filename=00049001.PDF
00333MCGR,https://a100.gov.bc.ca/pub/fidq/downloadBathymetricMap.do?filename=00306001.PDF
00334LILL,https://a100.gov.bc.ca/pub/fidq/downloadBathymetricMap.do?filename=00307501.PDF
00334SALM,https://a100.gov.bc.ca/pub/fidq/downloadBathymetricMap.do?filename=00170201.PDF
00334UARL,https://a100.gov.bc.ca/pub/fidq/downloadBathymetricMap.do?filename=00154901.PDF
00334USHU,https://a100.gov.bc.ca/pub/fidq/downloadBathymetricMap.do?filename=00261201.PDF
00334VICT,https://a100.gov.bc.ca/pub/fidq/downloadBathymetricMap.do?filename=00049401.PDF
00335JERV,https://a100.gov.bc.ca/pub/fidq/downloadBathymetricMap.do?filename=00042301.PDF
00336VICT,https://a100.gov.bc.ca/pub/fidq/downloadBathymetricMap.do?filename=00068101.PDF|https://a100.gov.bc.ca/pub/fidq/downloadBathymetricMap.do?filename=00252201.PDF
00337MIDR,https://a100.gov.bc.ca/pub/fidq/downloadBathymetricMap.do?filename=00293301.PDF|https://a100.gov.bc.ca/pub/fidq/downloadBathymetricMap.do?filename=00293302.PDF|https://a100.gov.bc.ca/pub/fidq/downloadBathymetricMap.do?filename=00293303.PDF
00337WILL,https://a100.gov.bc.ca/pub/fidq/downloadBathymetricMap.do?filename=00270201.PDF
00338FRAN,https://a100.gov.bc.ca/pub/fidq/downloadBathymetricMap.do?filename=00049801.PDF
00338HARR,https://a100.gov.bc.ca/pub/fidq/downloadBathymetricMap.do?filename=00152201.PDF|https://a100.gov.bc.ca/pub/fidq/downloadBathymetricMap.do?filename=00152202.PDF|https://a100.gov.bc.ca/pub/fidq/downloadBathymetricMap.do?filename=00324601.PDF
00338LILL,https://a100.gov.bc.ca/pub/fidq/downloadBathymetricMap.do?filename=00028201.PDF
00339LARL,https://a100.gov.bc.ca/pub/fidq/downloadBathymetricMap.do?filename=00046601.PDF
00339LCHR,https://a100.gov.bc.ca/pub/fidq/downloadBathymetricMap.do?filename=00101301.PDF
00339SETN,https://a100.gov.bc.ca/pub/fidq/downloadBathymetricMap.do?filename=00181501.PDF
00341JERV,https://a100.gov.bc.ca/pub/fidq/downloadBathymetricMap.do?filename=00325801.PDF
00342FIRE,https://a100.gov.bc.ca/pub/fidq/downloadBathymetricMap.do?filename=00259301.PDF
00342MESC,https://a100.gov.bc.ca/pub/fidq/downloadBathymetricMap.do?filename=00186101.PDF
00343KINR,https://a100.gov.bc.ca/pub/fidq/downloadBathymetricMap.do?filename=00248301.PDF
00344BRID,https://a100.gov.bc.ca/pub/fidq/downloadBathymetricMap.do?filename=00261601.PDF
00344LCHL,https://a100.gov.bc.ca/pub/fidq/downloadBathymetricMap.do?filename=00230401.PDF
00344MCGR,https://a100.gov.bc.ca/pub/fidq/downloadBathymetricMap.do?filename=00306501.PDF
00345KAKC,https://a100.gov.bc.ca/pub/fidq/downloadBathymetricMap.do?filename=00194501.PDF
00345MESI,https://a100.gov.bc.ca/pub/fidq/downloadBathymetricMap.do?filename=00227201.PDF
00346LARL,https://a100.gov.bc.ca/pub/fidq/downloadBathymetricMap.do?filename=00046701.PDF
00346PARA,https://a100.gov.bc.ca/pub/fidq/downloadBathymetricMap.do?filename=00093201.PDF
00347KISK,https://a100.gov.bc.ca/pub/fidq/downloadBathymetricMap.do?filename=00131801.PDF
00348BULL,https://a100.gov.bc.ca/pub/fidq/downloadBathymetricMap.do?filename=00113301.PDF
00349SUST,https://a100.gov.bc.ca/pub/fidq/downloadBathymetricMap.do?filename=00308501.PDF
00349WILL,https://a100.gov.bc.ca/pub/fidq/downloadBathymetricMap.do?filename=00134801.PDF
00350CAMB,https://a100.gov.bc.ca/pub/fidq/downloadBathymetricMap.do?filename=00239501.PDF
00350JERV,https://a100.gov.bc.ca/pub/fidq/downloadBathymetricMap.do?filename=00019401.PDF
00350LARL,https://a100.gov.bc.ca/pub/fidq/downloadBathymetricMap.do?filename=00061401.PDF
00350SETN,https://a100.gov.bc.ca/pub/fidq/downloadBathymetricMap.do?filename=00290001.PDF
00351TSIT,https://a100.gov.bc.ca/pub/fidq/downloadBathymetricMap.do?filename=00238101.PDF
00352CAMB,https://a100.gov.bc.ca/pub/fidq/downloadBathymetricMap.do?filename=00306701.PDF|https://a100.gov.bc.ca/pub/fidq/downloadBathymetricMap.do?filename=00273301.PDF
00352LARL,https://a100.gov.bc.ca/pub/fidq/downloadBathymetricMap.do?filename=00046801.PDF|https://a100.gov.bc.ca/pub/fidq/downloadBathymetricMap.do?filename=00024501.PDF
00352VICT,https://a100.gov.bc.ca/pub/fidq/downloadBathymetricMap.do?filename=00019301.PDF
00353CAMB,https://a100.gov.bc.ca/pub/fidq/downloadBathymetricMap.do?filename=00306701.PDF|https://a100.gov.bc.ca/pub/fidq/downloadBathymetricMap.do?filename=00271201.PDF
00353CHES,https://a100.gov.bc.ca/pub/fidq/downloadBathymetricMap.do?filename=00007101.PDF
00353CHIL,https://a100.gov.bc.ca/pub/fidq/downloadBathymetricMap.do?filename=00291501.PDF|https://a100.gov.bc.ca/pub/fidq/downloadBathymetricMap.do?filename=00291502.PDF
00353FRAN,https://a100.gov.bc.ca/pub/fidq/downloadBathymetricMap.do?filename=00194901.PDF|https://a100.gov.bc.ca/pub/fidq/downloadBathymetricMap.do?filename=00194902.PDF
00353MURR,https://a100.gov.bc.ca/pub/fidq/downloadBathymetricMap.do?filename=00071501.PDF
00354COMX,https://a100.gov.bc.ca/pub/fidq/downloadBathymetricMap.do?filename=00119001.PDF
00354DEAL,https://a100.gov.bc.ca/pub/fidq/downloadBathymetricMap.do?filename=00268501.PDF
00354JERV,https://a100.gov.bc.ca/pub/fidq/downloadBathymetricMap.do?filename=00091801.PDF
00356COLR,https://a100.gov.bc.ca/pub/fidq/downloadBathymetricMap.do?filename=00109301.PDF|https://a100.gov.bc.ca/pub/fidq/downloadBathymetricMap.do?filename=00110701.PDF
00356SETN,https://a100.gov.bc.ca/pub/fidq/downloadBathymetricMap.do?filename=00093101.PDF
00357MCGR,https://a100.gov.bc.ca/pub/fidq/downloadBathymetricMap.do?filename=00316501.PDF
00357PARA,https://a100.gov.bc.ca/pub/fidq/downloadBathymetricMap.do?filename=00306601.PDF
00357UBIR,https://a100.gov.bc.ca/pub/fidq/downloadBathymetricMap.do?filename=00261501.PDF
00358LARL,https://a100.gov.bc.ca/pub/fidq/downloadBathymetricMap.do?filename=00088101.PDF
00358LEUT,https://a100.gov.bc.ca/pub/fidq/downloadBathymetricMap.do?filename=00236901.PDF
00358PINE,https://a100.gov.bc.ca/pub/fidq/downloadBathymetricMap.do?filename=00157401.PDF|https://a100.gov.bc.ca/pub/fidq/downloadBathymetricMap.do?filename=00163301.PDF
00359HOMA,https://a100.gov.bc.ca/pub/fidq/downloadBathymetricMap.do?filename=00220701.PDF|https://a100.gov.bc.ca/pub/fidq/downloadBathymetricMap.do?filename=00220702.PDF|https://a100.gov.bc.ca/pub/fidq/downloadBathymetricMap.do?filename=00220703.PDF
00360TWAC,https://a100.gov.bc.ca/pub/fidq/downloadBathymetricMap.do?filename=00163501.PDF
00361SIML,https://a100.gov.bc.ca/pub/fidq/downloadBathymetricMap.do?filename=00157601.PDF
00361UKEC,https://a100.gov.bc.ca/pub/fidq/downloadBathymetricMap.do?filename=00205601.PDF
00361VICT,https://a100.gov.bc.ca/pub/fidq/downloadBathymetricMap.do?filename=00204901.PDF
00362BULK,https://a100.gov.bc.ca/pub/fidq/downloadBathymetricMap.do?filename=00243001.PDF
00362CAMB,https://a100.gov.bc.ca/pub/fidq/downloadBathymetricMap.do?filename=00116401.PDF|https://a100.gov.bc.ca/pub/fidq/downloadBathymetricMap.do?filename=00318801.PDF
00363MMUS,https://a100.gov.bc.ca/pub/fidq/downloadBathymetricMap.do?filename=00156001.PDF
00363SIML,https://a100.gov.bc.ca/pub/fidq/downloadBathymetricMap.do?filename=00065201.PDF
00364KNIG,https://a100.gov.bc.ca/pub/fidq/downloadBathymetricMap.do?filename=00006201.PDF
00365BULK,https://a100.gov.bc.ca/pub/fidq/downloadBathymetricMap.do?filename=00026501.PDF
00365JENR,https://a100.gov.bc.ca/pub/fidq/downloadBathymetricMap.do?filename=00176801.PDF
00367KHOR,https://a100.gov.bc.ca/pub/fidq/downloadBathymetricMap.do?filename=00117001.PDF|https://a100.gov.bc.ca/pub/fidq/downloadBathymetricMap.do?filename=00117101.PDF
00367UMUS,https://a100.gov.bc.ca/pub/fidq/downloadBathymetricMap.do?filename=00248401.PDF
00368CAMB,https://a100.gov.bc.ca/pub/fidq/downloadBathymetricMap.do?filename=00240601.PDF
00368LSAL,https://a100.gov.bc.ca/pub/fidq/downloadBathymetricMap.do?filename=00210901.PDF
00369BULL,https://a100.gov.bc.ca/pub/fidq/downloadBathymetricMap.do?filename=00319001.PDF|https://a100.gov.bc.ca/pub/fidq/downloadBathymetricMap.do?filename=00157801.PDF
00369KOTL,https://a100.gov.bc.ca/pub/fidq/downloadBathymetricMap.do?filename=00107301.PDF
00369LEUT,https://a100.gov.bc.ca/pub/fidq/downloadBathymetricMap.do?filename=00172901.PDF
00369PARA,https://a100.gov.bc.ca/pub/fidq/downloadBathymetricMap.do?filename=00031001.PDF
00370BRID,https://a100.gov.bc.ca/pub/fidq/downloadBathymetricMap.do?filename=00284401.PDF|https://a100.gov.bc.ca/pub/fidq/downloadBathymetricMap.do?filename=00102701.PDF
00370BULL,https://a100.gov.bc.ca/pub/fidq/downloadBathymetricMap.do?filename=00065901.PDF
00370KAKC,https://a100.gov.bc.ca/pub/fidq/downloadBathymetricMap.do?filename=00277701.PDF
00371HARR,https://a100.gov.bc.ca/pub/fidq/downloadBathymetricMap.do?filename=00269801.PDF
00372KOTR,https://a100.gov.bc.ca/pub/fidq/downloadBathymetricMap.do?filename=00265701.PDF|https://a100.gov.bc.ca/pub/fidq/downloadBathymetricMap.do?filename=00223101.PDF
00372SIML,https://a100.gov.bc.ca/pub/fidq/downloadBathymetricMap.do?filename=00145201.PDF
00373CHIR,https://a100.gov.bc.ca/pub/fidq/downloadBathymetricMap.do?filename=00048401.PDF
00373PARA,https://a100.gov.bc.ca/pub/fidq/downloadBathymetricMap.do?filename=00031101.PDF
00373TUYR,https://a100.gov.bc.ca/pub/fidq/downloadBathymetricMap.do?filename=00224501.PDF
00374BULL,https://a100.gov.bc.ca/pub/fidq/downloadBathymetricMap.do?filename=00319001.PDF
00374KOTR,https://a100.gov.bc.ca/pub/fidq/downloadBathymetricMap.do?filename=00265601.PDF
00375SANJ,https://a100.gov.bc.ca/pub/fidq/downloadBathymetricMap.do?filename=00051001.PDF|https://a100.gov.bc.ca/pub/fidq/downloadBathymetricMap.do?filename=00051101.PDF
00376BULL,https://a100.gov.bc.ca/pub/fidq/downloadBathymetricMap.do?filename=00319001.PDF
00377KETL,https://a100.gov.bc.ca/pub/fidq/downloadBathymetricMap.do?filename=00082001.PDF
00378BRID,https://a100.gov.bc.ca/pub/fidq/downloadBathymetricMap.do?filename=00017001.PDF
00379BULL,https://a100.gov.bc.ca/pub/fidq/downloadBathymetricMap.do?filename=00301201.PDF
00379FRAN,https://a100.gov.bc.ca/pub/fidq/downloadBathymetricMap.do?filename=00190501.PDF
00379UDEN,https://a100.gov.bc.ca/pub/fidq/downloadBathymetricMap.do?filename=00283601.PDF
00380CARR,https://a100.gov.bc.ca/pub/fidq/downloadBathymetricMap.do?filename=00251901.PDF
00380NEVI,https://a100.gov.bc.ca/pub/fidq/downloadBathymetricMap.do?filename=00266001.PDF|https://a100.gov.bc.ca/pub/fidq/downloadBathymetricMap.do?filename=00151001.PDF
00381ELKR,https://a100.gov.bc.ca/pub/fidq/downloadBathymetricMap.do?filename=00147101.PDF
00381WILL,https://a100.gov.bc.ca/pub/fidq/downloadBathymetricMap.do?filename=00208201.PDF|https://a100.gov.bc.ca/pub/fidq/downloadBathymetricMap.do?filename=00270301.PDF
00382EUCL,https://a100.gov.bc.ca/pub/fidq/downloadBathymetricMap.do?filename=00267001.PDF
00382LNTH,https://a100.gov.bc.ca/pub/fidq/downloadBathymetricMap.do?filename=00041601.PDF
00383SIML,https://a100.gov.bc.ca/pub/fidq/downloadBathymetricMap.do?filename=00078901.PDF
00383SUST,https://a100.gov.bc.ca/pub/fidq/downloadBathymetricMap.do?filename=00166501.PDF
00385SALM,https://a100.gov.bc.ca/pub/fidq/downloadBathymetricMap.do?filename=00183501.PDF|https://a100.gov.bc.ca/pub/fidq/downloadBathymetricMap.do?filename=00183801.PDF
00387BLAR,https://a100.gov.bc.ca/pub/fidq/downloadBathymetricMap.do?filename=00130801.PDF|https://a100.gov.bc.ca/pub/fidq/downloadBathymetricMap.do?filename=00130802.PDF
00387CLAY,https://a100.gov.bc.ca/pub/fidq/downloadBathymetricMap.do?filename=00261001.PDF
00387JERV,https://a100.gov.bc.ca/pub/fidq/downloadBathymetricMap.do?filename=00042301.PDF
00387LSAL,https://a100.gov.bc.ca/pub/fidq/downloadBathymetricMap.do?filename=00205501.PDF
00387SAJR,https://a100.gov.bc.ca/pub/fidq/downloadBathymetricMap.do?filename=00223601.PDF
00388LNTH,https://a100.gov.bc.ca/pub/fidq/downloadBathymetricMap.do?filename=00346101.PDF
00389DOGC,https://a100.gov.bc.ca/pub/fidq/downloadBathymetricMap.do?filename=00272101.PDF
00389LNTH,https://a100.gov.bc.ca/pub/fidq/downloadBathymetricMap.do?filename=00071001.PDF
00389LSAL,https://a100.gov.bc.ca/pub/fidq/downloadBathymetricMap.do?filename=00093501.PDF
00390COWN,https://a100.gov.bc.ca/pub/fidq/downloadBathymetricMap.do?filename=00202301.PDF
00390NIMP,https://a100.gov.bc.ca/pub/fidq/downloadBathymetricMap.do?filename=00108501.PDF
00390PARA,https://a100.gov.bc.ca/pub/fidq/downloadBathymetricMap.do?filename=00350701.PDF
00391CARP,https://a100.gov.bc.ca/pub/fidq/downloadBathymetricMap.do?filename=00032001.PDF
00391LILL,https://a100.gov.bc.ca/pub/fidq/downloadBathymetricMap.do?filename=00305801.PDF
00391OKAN,https://a100.gov.bc.ca/pub/fidq/downloadBathymetricMap.do?filename=00199701.PDF
00392LCHL,https://a100.gov.bc.ca/pub/fidq/downloadBathymetricMap.do?filename=00110801.PDF
00392PARA,https://a100.gov.bc.ca/pub/fidq/downloadBathymetricMap.do?filename=00026101.PDF
00392UISR,https://a100.gov.bc.ca/pub/fidq/downloadBathymetricMap.do?filename=00187901.PDF
00393COWN,https://a100.gov.bc.ca/pub/fidq/downloadBathymetricMap.do?filename=00044301.PDF
00394CRYL,https://a100.gov.bc.ca/pub/fidq/downloadBathymetricMap.do?filename=00239801.PDF
00394FRAN,https://a100.gov.bc.ca/pub/fidq/downloadBathymetricMap.do?filename=00191601.PDF
00394PARA,https://a100.gov.bc.ca/pub/fidq/downloadBathymetricMap.do?filename=00074401.PDF
00396PARS,https://a100.gov.bc.ca/pub/fidq/downloadBathymetricMap.do?filename=00079601.PDF
00397FRAN,https://a100.gov.bc.ca/pub/fidq/downloadBathymetricMap.do?filename=00192301.PDF
00398CHES,https://a100.gov.bc.ca/pub/fidq/downloadBathymetricMap.do?filename=00328901.PDF|https://a100.gov.bc.ca/pub/fidq/downloadBathymetricMap.do?filename=00236801.PDF|https://a100.gov.bc.ca/pub/fidq/downloadBathymetricMap.do?filename=00328902.PDF
00399SQAM,https://a100.gov.bc.ca/pub/fidq/downloadBathymetricMap.do?filename=00037901.PDF
00400HORS,https://a100.gov.bc.ca/pub/fidq/downloadBathymetricMap.do?filename=00099701.PDF
00400SMAR,https://a100.gov.bc.ca/pub/fidq/downloadBathymetricMap.do?filename=00143201.PDF
00401MCGR,https://a100.gov.bc.ca/pub/fidq/downloadBathymetricMap.do?filename=00109501.PDF
00402COWN,https://a100.gov.bc.ca/pub/fidq/downloadBathymetricMap.do?filename=00077401.PDF
00402GATA,https://a100.gov.bc.ca/pub/fidq/downloadBathymetricMap.do?filename=00158901.PDF
00403GATA,https://a100.gov.bc.ca/pub/fidq/downloadBathymetricMap.do?filename=00149901.PDF|https://a100.gov.bc.ca/pub/fidq/downloadBathymetricMap.do?filename=00149902.PDF
00403SALM,https://a100.gov.bc.ca/pub/fidq/downloadBathymetricMap.do?filename=00022901.PDF
00403SQAM,https://a100.gov.bc.ca/pub/fidq/downloadBathymetricMap.do?filename=00265901.PDF
00404LNTH,https://a100.gov.bc.ca/pub/fidq/downloadBathymetricMap.do?filename=00127701.PDF
00405SIML,https://a100.gov.bc.ca/pub/fidq/downloadBathymetricMap.do?filename=00090401.PDF
00405SQAM,https://a100.gov.bc.ca/pub/fidq/downloadBathymetricMap.do?filename=00120501.PDF
00406NAZR,https://a100.gov.bc.ca/pub/fidq/downloadBathymetricMap.do?filename=00051501.PDF
00407COWN,https://a100.gov.bc.ca/pub/fidq/downloadBathymetricMap.do?filename=00146601.PDF
00407DEAD,https://a100.gov.bc.ca/pub/fidq/downloadBathymetricMap.do?filename=00044201.PDF
00408COWN,https://a100.gov.bc.ca/pub/fidq/downloadBathymetricMap.do?filename=00288101.PDF|https://a100.gov.bc.ca/pub/fidq/downloadBathymetricMap.do?filename=00288102.PDF
00408OKAN,https://a100.gov.bc.ca/pub/fidq/downloadBathymetricMap.do?filename=00199701.PDF
00410ALBN,https://a100.gov.bc.ca/pub/fidq/downloadBathymetricMap.do?filename=00169601.PDF|https://a100.gov.bc.ca/pub/fidq/downloadBathymetricMap.do?filename=00169501.PDF
00410COTR,https://a100.gov.bc.ca/pub/fidq/downloadBathymetricMap.do?filename=00265801.PDF
00410LNTH,https://a100.gov.bc.ca/pub/fidq/downloadBathymetricMap.do?filename=00041501.PDF
00410MAHD,https://a100.gov.bc.ca/pub/fidq/downloadBathymetricMap.do?filename=00191501.PDF|https://a100.gov.bc.ca/pub/fidq/downloadBathymetricMap.do?filename=00191301.PDF|https://a100.gov.bc.ca/pub/fidq/downloadBathymetricMap.do?filename=00191502.PDF|https://a100.gov.bc.ca/pub/fidq/downloadBathymetricMap.do?filename=00191302.PDF
00410OKAN,https://a100.gov.bc.ca/pub/fidq/downloadBathymetricMap.do?filename=00174801.PDF
00412SALM,https://a100.gov.bc.ca/pub/fidq/downloadBathymetricMap.do?filename=00025101.PDF
00413NIMP,https://a100.gov.bc.ca/pub/fidq/downloadBathymetricMap.do?filename=00264301.PDF
00414NEVI,https://a100.gov.bc.ca/pub/fidq/downloadBathymetricMap.do?filename=00266001.PDF
00416LARL,https://a100.gov.bc.ca/pub/fidq/downloadBathymetricMap.do?filename=00143801.PDF
00416LFRA,https://a100.gov.bc.ca/pub/fidq/downloadBathymetricMap.do?filename=00097901.PDF|https://a100.gov.bc.ca/pub/fidq/downloadBathymetricMap.do?filename=00097902.PDF
00416NICL,https://a100.gov.bc.ca/pub/fidq/downloadBathymetricMap.do?filename=00242601.PDF
00417KOTL,https://a100.gov.bc.ca/pub/fidq/downloadBathymetricMap.do?filename=00358401.PDF
00417NIMP,https://a100.gov.bc.ca/pub/fidq/downloadBathymetricMap.do?filename=00054501.PDF
00418COWN,https://a100.gov.bc.ca/pub/fidq/downloadBathymetricMap.do?filename=00268901.PDF|https://a100.gov.bc.ca/pub/fidq/downloadBathymetricMap.do?filename=00047501.PDF
00418OKAN,https://a100.gov.bc.ca/pub/fidq/downloadBathymetricMap.do?filename=00224301.PDF
00419SALM,https://a100.gov.bc.ca/pub/fidq/downloadBathymetricMap.do?filename=00157701.PDF
00420COWN,https://a100.gov.bc.ca/pub/fidq/downloadBathymetricMap.do?filename=00268901.PDF|https://a100.gov.bc.ca/pub/fidq/downloadBathymetricMap.do?filename=00047501.PDF
00420SETN,https://a100.gov.bc.ca/pub/fidq/downloadBathymetricMap.do?filename=00037501.PDF
00420WILL,https://a100.gov.bc.ca/pub/fidq/downloadBathymetricMap.do?filename=00069701.PDF
00421COWN,https://a100.gov.bc.ca/pub/fidq/downloadBathymetricMap.do?filename=00205001.PDF
00421PARA,https://a100.gov.bc.ca/pub/fidq/downloadBathymetricMap.do?filename=00232001.PDF
00421STHM,https://a100.gov.bc.ca/pub/fidq/downloadBathymetricMap.do?filename=00058701.PDF
00422LFRA,https://a100.gov.bc.ca/pub/fidq/downloadBathymetricMap.do?filename=00223501.PDF
00422PARS,https://a100.gov.bc.ca/pub/fidq/downloadBathymetricMap.do?filename=00248701.PDF
00423OKAN,https://a100.gov.bc.ca/pub/fidq/downloadBathymetricMap.do?filename=00267701.PDF
00424BULL,https://a100.gov.bc.ca/pub/fidq/downloadBathymetricMap.do?filename=00046501.PDF
00425BULK,https://a100.gov.bc.ca/pub/fidq/downloadBathymetricMap.do?filename=00160201.PDF
00425SANJ,https://a100.gov.bc.ca/pub/fidq/downloadBathymetricMap.do?filename=00121101.PDF|https://a100.gov.bc.ca/pub/fidq/downloadBathymetricMap.do?filename=00121201.PDF
00426BRID,https://a100.gov.bc.ca/pub/fidq/downloadBathymetricMap.do?filename=00246201.PDF
00426SANJ,https://a100.gov.bc.ca/pub/fidq/downloadBathymetricMap.do?filename=00096901.PDF
00426UBIR,https://a100.gov.bc.ca/pub/fidq/downloadBathymetricMap.do?filename=00135801.PDF
00427LNTH,https://a100.gov.bc.ca/pub/fidq/downloadBathymetricMap.do?filename=00281501.PDF|https://a100.gov.bc.ca/pub/fidq/downloadBathymetricMap.do?filename=00281601.PDF|https://a100.gov.bc.ca/pub/fidq/downloadBathymetricMap.do?filename=00285301.PDF
00429SANJ,https://a100.gov.bc.ca/pub/fidq/downloadBathymetricMap.do?filename=00051001.PDF|https://a100.gov.bc.ca/pub/fidq/downloadBathymetricMap.do?filename=00190901.PDF
00430COWN,https://a100.gov.bc.ca/pub/fidq/downloadBathymetricMap.do?filename=00153601.PDF
00430EUCL,https://a100.gov.bc.ca/pub/fidq/downloadBathymetricMap.do?filename=00219801.PDF
00431NIMP,https://a100.gov.bc.ca/pub/fidq/downloadBathymetricMap.do?filename=00262801.PDF
00433SANJ,https://a100.gov.bc.ca/pub/fidq/downloadBathymetricMap.do?filename=00260401.PDF
00434CLAY,https://a100.gov.bc.ca/pub/fidq/downloadBathymetricMap.do?filename=00200301.PDF
00434SQAM,https://a100.gov.bc.ca/pub/fidq/downloadBathymetricMap.do?filename=00250701.PDF
00435COLR,https://a100.gov.bc.ca/pub/fidq/downloadBathymetricMap.do?filename=00256501.PDF
00435JERV,https://a100.gov.bc.ca/pub/fidq/downloadBathymetricMap.do?filename=00325701.PDF
00435TURN,https://a100.gov.bc.ca/pub/fidq/downloadBathymetricMap.do?filename=00288601.PDF|https://a100.gov.bc.ca/pub/fidq/downloadBathymetricMap.do?filename=00288602.PDF
00436UPRO,https://a100.gov.bc.ca/pub/fidq/downloadBathymetricMap.do?filename=00130401.PDF
00437UNUR,https://a100.gov.bc.ca/pub/fidq/downloadBathymetricMap.do?filename=00305001.PDF
00438KAKC,https://a100.gov.bc.ca/pub/fidq/downloadBathymetricMap.do?filename=00126601.PDF
00438SANJ,https://a100.gov.bc.ca/pub/fidq/downloadBathymetricMap.do?filename=00122801.PDF
00438STUR,https://a100.gov.bc.ca/pub/fidq/downloadBathymetricMap.do?filename=00355301.PDF|https://a100.gov.bc.ca/pub/fidq/downloadBathymetricMap.do?filename=00063401.PDF
00439ALBN,https://a100.gov.bc.ca/pub/fidq/downloadBathymetricMap.do?filename=00182301.PDF
00439DOGC,https://a100.gov.bc.ca/pub/fidq/downloadBathymetricMap.do?filename=00255601.PDF
00439GRNL,https://a100.gov.bc.ca/pub/fidq/downloadBathymetricMap.do?filename=00083101.PDF
00439LARL,https://a100.gov.bc.ca/pub/fidq/downloadBathymetricMap.do?filename=00301101.PDF|https://a100.gov.bc.ca/pub/fidq/downloadBathymetricMap.do?filename=00105701.PDF
00440STHM,https://a100.gov.bc.ca/pub/fidq/downloadBathymetricMap.do?filename=00226301.PDF
00441MCGR,https://a100.gov.bc.ca/pub/fidq/downloadBathymetricMap.do?filename=00037201.PDF|https://a100.gov.bc.ca/pub/fidq/downloadBathymetricMap.do?filename=00074901.PDF
00441MURR,https://a100.gov.bc.ca/pub/fidq/downloadBathymetricMap.do?filename=00261901.PDF
00441TOAD,https://a100.gov.bc.ca/pub/fidq/downloadBathymetricMap.do?filename=00168801.PDF
00443BULL,https://a100.gov.bc.ca/pub/fidq/downloadBathymetricMap.do?filename=00047601.PDF|https://a100.gov.bc.ca/pub/fidq/downloadBathymetricMap.do?filename=00030901.PDF
00443NIMP,https://a100.gov.bc.ca/pub/fidq/downloadBathymetricMap.do?filename=00167201.PDF
00443SIML,https://a100.gov.bc.ca/pub/fidq/downloadBathymetricMap.do?filename=00069901.PDF
00443SMAR,https://a100.gov.bc.ca/pub/fidq/downloadBathymetricMap.do?filename=00123901.PDF
00444ADMS,https://a100.gov.bc.ca/pub/fidq/downloadBathymetricMap.do?filename=00016501.PDF
00444MCGR,https://a100.gov.bc.ca/pub/fidq/downloadBathymetricMap.do?filename=00276201.PDF
00444QUES,https://a100.gov.bc.ca/pub/fidq/downloadBathymetricMap.do?filename=00265301.PDF
00445STIR,https://a100.gov.bc.ca/pub/fidq/downloadBathymetricMap.do?filename=00164101.PDF
00446BONP,https://a100.gov.bc.ca/pub/fidq/downloadBathymetricMap.do?filename=00135201.PDF|https://a100.gov.bc.ca/pub/fidq/downloadBathymetricMap.do?filename=00135202.PDF|https://a100.gov.bc.ca/pub/fidq/downloadBathymetricMap.do?filename=00135203.PDF
00446KLIN,https://a100.gov.bc.ca/pub/fidq/downloadBathymetricMap.do?filename=00258401.PDF|https://a100.gov.bc.ca/pub/fidq/downloadBathymetricMap.do?filename=00258402.PDF
00448MSKE,https://a100.gov.bc.ca/pub/fidq/downloadBathymetricMap.do?filename=00184801.PDF
00448NIMP,https://a100.gov.bc.ca/pub/fidq/downloadBathymetricMap.do?filename=00127801.PDF
00449SANJ,https://a100.gov.bc.ca/pub/fidq/downloadBathymetricMap.do?filename=00116301.PDF
00449TABR,https://a100.gov.bc.ca/pub/fidq/downloadBathymetricMap.do?filename=00115701.PDF
00450LFRA,https://a100.gov.bc.ca/pub/fidq/downloadBathymetricMap.do?filename=00278801.PDF
00452NATR,https://a100.gov.bc.ca/pub/fidq/downloadBathymetricMap.do?filename=00284201.PDF
00453NATR,https://a100.gov.bc.ca/pub/fidq/downloadBathymetricMap.do?filename=00259201.PDF
00455CHES,https://a100.gov.bc.ca/pub/fidq/downloadBathymetricMap.do?filename=00239001.PDF
00455KLIN,https://a100.gov.bc.ca/pub/fidq/downloadBathymetricMap.do?filename=00238301.PDF
00456LFRA,https://a100.gov.bc.ca/pub/fidq/downloadBathymetricMap.do?filename=00263101.PDF|https://a100.gov.bc.ca/pub/fidq/downloadBathymetricMap.do?filename=00097601.PDF|https://a100.gov.bc.ca/pub/fidq/downloadBathymetricMap.do?filename=00351701.PDF
00457SANJ,https://a100.gov.bc.ca/pub/fidq/downloadBathymetricMap.do?filename=00141301.PDF
00458PARK,https://a100.gov.bc.ca/pub/fidq/downloadBathymetricMap.do?filename=00069401.PDF|https://a100.gov.bc.ca/pub/fidq/downloadBathymetricMap.do?filename=00031601.PDF
00459SMAR,https://a100.gov.bc.ca/pub/fidq/downloadBathymetricMap.do?filename=00123901.PDF
00460COMX,https://a100.gov.bc.ca/pub/fidq/downloadBathymetricMap.do?filename=00224101.PDF
00460DEAD,https://a100.gov.bc.ca/pub/fidq/downloadBathymetricMap.do?filename=00212801.PDF
00460SANJ,https://a100.gov.bc.ca/pub/fidq/downloadBathymetricMap.do?filename=00064601.PDF
00461KLIN,https://a100.gov.bc.ca/pub/fidq/downloadBathymetricMap.do?filename=00262601.PDF
00462GOLD,https://a100.gov.bc.ca/pub/fidq/downloadBathymetricMap.do?filename=00005801.PDF
00462NATR,https://a100.gov.bc.ca/pub/fidq/downloadBathymetricMap.do?filename=00175701.PDF
00464PARS,https://a100.gov.bc.ca/pub/fidq/downloadBathymetricMap.do?filename=00062401.PDF
00465ALBN,https://a100.gov.bc.ca/pub/fidq/downloadBathymetricMap.do?filename=00108801.PDF
00465BOWR,https://a100.gov.bc.ca/pub/fidq/downloadBathymetricMap.do?filename=00163101.PDF
00465MURR,https://a100.gov.bc.ca/pub/fidq/downloadBathymetricMap.do?filename=00071401.PDF
00465NATR,https://a100.gov.bc.ca/pub/fidq/downloadBathymetricMap.do?filename=00222301.PDF|https://a100.gov.bc.ca/pub/fidq/downloadBathymetricMap.do?filename=00222302.PDF
00468STHM,https://a100.gov.bc.ca/pub/fidq/downloadBathymetricMap.do?filename=00336501.PDF
00469SIML,https://a100.gov.bc.ca/pub/fidq/downloadBathymetricMap.do?filename=00161501.PDF
00470LILL,https://a100.gov.bc.ca/pub/fidq/downloadBathymetricMap.do?filename=00178601.PDF
00471BULK,https://a100.gov.bc.ca/pub/fidq/downloadBathymetricMap.do?filename=00165201.PDF
00473LSKE,https://a100.gov.bc.ca/pub/fidq/downloadBathymetricMap.do?filename=00240901.PDF
00473MAHD,https://a100.gov.bc.ca/pub/fidq/downloadBathymetricMap.do?filename=00218301.PDF
00473MURR,https://a100.gov.bc.ca/pub/fidq/downloadBathymetricMap.do?filename=00141001.PDF
00473NIMP,https://a100.gov.bc.ca/pub/fidq/downloadBathymetricMap.do?filename=00228901.PDF
00475KHOR,https://a100.gov.bc.ca/pub/fidq/downloadBathymetricMap.do?filename=00109101.PDF
00476MFRA,https://a100.gov.bc.ca/pub/fidq/downloadBathymetricMap.do?filename=00323601.PDF
00476PARS,https://a100.gov.bc.ca/pub/fidq/downloadBathymetricMap.do?filename=00266301.PDF
00477BOWR,https://a100.gov.bc.ca/pub/fidq/downloadBathymetricMap.do?filename=00163201.PDF
00477CLRH,https://a100.gov.bc.ca/pub/fidq/downloadBathymetricMap.do?filename=00101901.PDF|https://a100.gov.bc.ca/pub/fidq/downloadBathymetricMap.do?filename=00019101.PDF
00477ISKR,https://a100.gov.bc.ca/pub/fidq/downloadBathymetricMap.do?filename=00304501.PDF|https://a100.gov.bc.ca/pub/fidq/downloadBathymetricMap.do?filename=00232301.PDF
00477LFRA,https://a100.gov.bc.ca/pub/fidq/downloadBathymetricMap.do?filename=00152001.PDF
00478SMAR,https://a100.gov.bc.ca/pub/fidq/downloadBathymetricMap.do?filename=00123901.PDF
00480BULL,https://a100.gov.bc.ca/pub/fidq/downloadBathymetricMap.do?filename=00034401.PDF|https://a100.gov.bc.ca/pub/fidq/downloadBathymetricMap.do?filename=00107201.PDF
00480LPET,https://a100.gov.bc.ca/pub/fidq/downloadBathymetricMap.do?filename=00156101.PDF
00480MURR,https://a100.gov.bc.ca/pub/fidq/downloadBathymetricMap.do?filename=00141001.PDF
00480NECR,https://a100.gov.bc.ca/pub/fidq/downloadBathymetricMap.do?filename=00209801.PDF
00480SIML,https://a100.gov.bc.ca/pub/fidq/downloadBathymetricMap.do?filename=00069501.PDF
00481KOTL,https://a100.gov.bc.ca/pub/fidq/downloadBathymetricMap.do?filename=00090701.PDF|https://a100.gov.bc.ca/pub/fidq/downloadBathymetricMap.do?filename=00090801.PDF|https://a100.gov.bc.ca/pub/fidq/downloadBathymetricMap.do?filename=00279301.PDF
00482CLRH,https://a100.gov.bc.ca/pub/fidq/downloadBathymetricMap.do?filename=00075701.PDF
00483GOLD,https://a100.gov.bc.ca/pub/fidq/downloadBathymetricMap.do?filename=00281201.PDF
00483PARK,https://a100.gov.bc.ca/pub/fidq/downloadBathymetricMap.do?filename=00114901.PDF
00485MURR,https://a100.gov.bc.ca/pub/fidq/downloadBathymetricMap.do?filename=00071401.PDF
00486CLRH,https://a100.gov.bc.ca/pub/fidq/downloadBathymetricMap.do?filename=00049601.PDF|https://a100.gov.bc.ca/pub/fidq/downloadBathymetricMap.do?filename=00049501.PDF
00486COTR,https://a100.gov.bc.ca/pub/fidq/downloadBathymetricMap.do?filename=00175801.PDF
00486COWN,https://a100.gov.bc.ca/pub/fidq/downloadBathymetricMap.do?filename=00034901.PDF
00486FRAN,https://a100.gov.bc.ca/pub/fidq/downloadBathymetricMap.do?filename=00194901.PDF|https://a100.gov.bc.ca/pub/fidq/downloadBathymetricMap.do?filename=00194902.PDF
00486INGR,https://a100.gov.bc.ca/pub/fidq/downloadBathymetricMap.do?filename=00292001.PDF|https://a100.gov.bc.ca/pub/fidq/downloadBathymetricMap.do?filename=00292002.PDF
00486LFRA,https://a100.gov.bc.ca/pub/fidq/downloadBathymetricMap.do?filename=00249201.PDF
00486SANJ,https://a100.gov.bc.ca/pub/fidq/downloadBathymetricMap.do?filename=00083401.PDF
00487DEAR,https://a100.gov.bc.ca/pub/fidq/downloadBathymetricMap.do?filename=00242501.PDF
00487DOGC,https://a100.gov.bc.ca/pub/fidq/downloadBathymetricMap.do?filename=00158601.PDF
00487LSKE,https://a100.gov.bc.ca/pub/fidq/downloadBathymetricMap.do?filename=00171901.PDF|https://a100.gov.bc.ca/pub/fidq/downloadBathymetricMap.do?filename=00171902.PDF
00487TOBA,https://a100.gov.bc.ca/pub/fidq/downloadBathymetricMap.do?filename=00351101.PDF
00488FRCN,https://a100.gov.bc.ca/pub/fidq/downloadBathymetricMap.do?filename=00268001.PDF
00488HORS,https://a100.gov.bc.ca/pub/fidq/downloadBathymetricMap.do?filename=00156301.PDF
00488UBTN,https://a100.gov.bc.ca/pub/fidq/downloadBathymetricMap.do?filename=00057401.PDF
00489BULL,https://a100.gov.bc.ca/pub/fidq/downloadBathymetricMap.do?filename=00059701.PDF|https://a100.gov.bc.ca/pub/fidq/downloadBathymetricMap.do?filename=00059601.PDF
00489TOBA,https://a100.gov.bc.ca/pub/fidq/downloadBathymetricMap.do?filename=00343901.PDF
00490FRCN,https://a100.gov.bc.ca/pub/fidq/downloadBathymetricMap.do?filename=00268001.PDF
00490GUIC,https://a100.gov.bc.ca/pub/fidq/downloadBathymetricMap.do?filename=00256301.PDF
00490NIMP,https://a100.gov.bc.ca/pub/fidq/downloadBathymetricMap.do?filename=00175301.PDF
00490SIML,https://a100.gov.bc.ca/pub/fidq/downloadBathymetricMap.do?filename=00067801.PDF|https://a100.gov.bc.ca/pub/fidq/downloadBathymetricMap.do?filename=00028401.PDF
00491OKAN,https://a100.gov.bc.ca/pub/fidq/downloadBathymetricMap.do?filename=00159801.PDF|https://a100.gov.bc.ca/pub/fidq/downloadBathymetricMap.do?filename=00323001.PDF
00491SLOC,https://a100.gov.bc.ca/pub/fidq/downloadBathymetricMap.do?filename=00199501.PDF
00491STHM,https://a100.gov.bc.ca/pub/fidq/downloadBathymetricMap.do?filename=00292501.PDF
00493LILL,https://a100.gov.bc.ca/pub/fidq/downloadBathymetricMap.do?filename=00275201.PDF
00493SIML,https://a100.gov.bc.ca/pub/fidq/downloadBathymetricMap.do?filename=00178801.PDF
00494COWN,https://a100.gov.bc.ca/pub/fidq/downloadBathymetricMap.do?filename=00034901.PDF
00494KISK,https://a100.gov.bc.ca/pub/fidq/downloadBathymetricMap.do?filename=00259501.PDF
00494LILL,https://a100.gov.bc.ca/pub/fidq/downloadBathymetricMap.do?filename=00126501.PDF
00494PARS,https://a100.gov.bc.ca/pub/fidq/downloadBathymetricMap.do?filename=00258101.PDF
00495BOWR,https://a100.gov.bc.ca/pub/fidq/downloadBathymetricMap.do?filename=00138601.PDF
00495PARK,https://a100.gov.bc.ca/pub/fidq/downloadBathymetricMap.do?filename=00069401.PDF
00495SANJ,https://a100.gov.bc.ca/pub/fidq/downloadBathymetricMap.do?filename=00168101.PDF
00496NATR,https://a100.gov.bc.ca/pub/fidq/downloadBathymetricMap.do?filename=00057601.PDF
00496UDEN,https://a100.gov.bc.ca/pub/fidq/downloadBathymetricMap.do?filename=00199201.PDF
00498SIML,https://a100.gov.bc.ca/pub/fidq/downloadBathymetricMap.do?filename=00292601.PDF
00499ADMS,https://a100.gov.bc.ca/pub/fidq/downloadBathymetricMap.do?filename=00160801.PDF
00499DOGC,https://a100.gov.bc.ca/pub/fidq/downloadBathymetricMap.do?filename=00022101.PDF
00499SMAR,https://a100.gov.bc.ca/pub/fidq/downloadBathymetricMap.do?filename=00034401.PDF
00499WILL,https://a100.gov.bc.ca/pub/fidq/downloadBathymetricMap.do?filename=00167301.PDF
00500NIMP,https://a100.gov.bc.ca/pub/fidq/downloadBathymetricMap.do?filename=00262001.PDF
00500SQAM,https://a100.gov.bc.ca/pub/fidq/downloadBathymetricMap.do?filename=00155001.PDF
00501FRCN,https://a100.gov.bc.ca/pub/fidq/downloadBathymetricMap.do?filename=00274001.PDF
00501LFRA,https://a100.gov.bc.ca/pub/fidq/downloadBathymetricMap.do?filename=00170501.PDF
00501SLOC,https://a100.gov.bc.ca/pub/fidq/downloadBathymetricMap.do?filename=00199501.PDF
00503COWN,https://a100.gov.bc.ca/pub/fidq/downloadBathymetricMap.do?filename=00186001.PDF
00503FRCN,https://a100.gov.bc.ca/pub/fidq/downloadBathymetricMap.do?filename=00039401.PDF
00504LDEN,https://a100.gov.bc.ca/pub/fidq/downloadBathymetricMap.do?filename=00322501.PDF
00504UEUT,https://a100.gov.bc.ca/pub/fidq/downloadBathymetricMap.do?filename=00235501.PDF
00505ATNA,https://a100.gov.bc.ca/pub/fidq/downloadBathymetricMap.do?filename=00263601.PDF
00505LFRA,https://a100.gov.bc.ca/pub/fidq/downloadBathymetricMap.do?filename=00157201.PDF
00506CLRH,https://a100.gov.bc.ca/pub/fidq/downloadBathymetricMap.do?filename=00260101.PDF|https://a100.gov.bc.ca/pub/fidq/downloadBathymetricMap.do?filename=00232101.PDF
00506COWN,https://a100.gov.bc.ca/pub/fidq/downloadBathymetricMap.do?filename=00020201.PDF
00506LFRA,https://a100.gov.bc.ca/pub/fidq/downloadBathymetricMap.do?filename=00170301.PDF
00507TOBA,https://a100.gov.bc.ca/pub/fidq/downloadBathymetricMap.do?filename=00350201.PDF
00508MURR,https://a100.gov.bc.ca/pub/fidq/downloadBathymetricMap.do?filename=00279801.PDF
00508SANJ,https://a100.gov.bc.ca/pub/fidq/downloadBathymetricMap.do?filename=00239301.PDF|https://a100.gov.bc.ca/pub/fidq/downloadBathymetricMap.do?filename=00197701.PDF
00509STUL,https://a100.gov.bc.ca/pub/fidq/downloadBathymetricMap.do?filename=00197201.PDF|https://a100.gov.bc.ca/pub/fidq/downloadBathymetricMap.do?filename=00197202.PDF
00509THOM,https://a100.gov.bc.ca/pub/fidq/downloadBathymetricMap.do?filename=00304101.PDF
00510ISKR,https://a100.gov.bc.ca/pub/fidq/downloadBathymetricMap.do?filename=00101401.PDF
00510SHER,https://a100.gov.bc.ca/pub/fidq/downloadBathymetricMap.do?filename=00154301.PDF
00511HARR,https://a100.gov.bc.ca/pub/fidq/downloadBathymetricMap.do?filename=00236401.PDF
00511KLUM,https://a100.gov.bc.ca/pub/fidq/downloadBathymetricMap.do?filename=00176701.PDF|https://a100.gov.bc.ca/pub/fidq/downloadBathymetricMap.do?filename=00176702.PDF
00511PINE,https://a100.gov.bc.ca/pub/fidq/downloadBathymetricMap.do?filename=00153501.PDF
00512DEAL,https://a100.gov.bc.ca/pub/fidq/downloadBathymetricMap.do?filename=00246001.PDF
00514ELKR,https://a100.gov.bc.ca/pub/fidq/downloadBathymetricMap.do?filename=00161801.PDF
00515BULK,https://a100.gov.bc.ca/pub/fidq/downloadBathymetricMap.do?filename=00087501.PDF
00516FINA,https://a100.gov.bc.ca/pub/fidq/downloadBathymetricMap.do?filename=00214701.PDF
00516NATR,https://a100.gov.bc.ca/pub/fidq/downloadBathymetricMap.do?filename=00227301.PDF
00517SALM,https://a100.gov.bc.ca/pub/fidq/downloadBathymetricMap.do?filename=00294301.PDF
00518COWN,https://a100.gov.bc.ca/pub/fidq/downloadBathymetricMap.do?filename=00199801.PDF
00519ADMS,https://a100.gov.bc.ca/pub/fidq/downloadBathymetricMap.do?filename=00222401.PDF
00519COWN,https://a100.gov.bc.ca/pub/fidq/downloadBathymetricMap.do?filename=00206701.PDF|https://a100.gov.bc.ca/pub/fidq/downloadBathymetricMap.do?filename=00150901.PDF|https://a100.gov.bc.ca/pub/fidq/downloadBathymetricMap.do?filename=00150801.PDF
00519UPRO,https://a100.gov.bc.ca/pub/fidq/downloadBathymetricMap.do?filename=00248001.PDF
00520ELKR,https://a100.gov.bc.ca/pub/fidq/downloadBathymetricMap.do?filename=00028001.PDF
00520NIMP,https://a100.gov.bc.ca/pub/fidq/downloadBathymetricMap.do?filename=00052001.PDF
00521BRID,https://a100.gov.bc.ca/pub/fidq/downloadBathymetricMap.do?filename=00170801.PDF
00522CHIL,https://a100.gov.bc.ca/pub/fidq/downloadBathymetricMap.do?filename=00223801.PDF
00522HORS,https://a100.gov.bc.ca/pub/fidq/downloadBathymetricMap.do?filename=00136701.PDF
00523COWN,https://a100.gov.bc.ca/pub/fidq/downloadBathymetricMap.do?filename=00123001.PDF
00524PARK,https://a100.gov.bc.ca/pub/fidq/downloadBathymetricMap.do?filename=00042201.PDF
00525DOGC,https://a100.gov.bc.ca/pub/fidq/downloadBathymetricMap.do?filename=00158501.PDF
00525FRAN,https://a100.gov.bc.ca/pub/fidq/downloadBathymetricMap.do?filename=00268801.PDF
00525ISKR,https://a100.gov.bc.ca/pub/fidq/downloadBathymetricMap.do?filename=00026001.PDF
00525PARK,https://a100.gov.bc.ca/pub/fidq/downloadBathymetricMap.do?filename=00256401.PDF
00526LSAL,https://a100.gov.bc.ca/pub/fidq/downloadBathymetricMap.do?filename=00224901.PDF
00527FRAN,https://a100.gov.bc.ca/pub/fidq/downloadBathymetricMap.do?filename=00211501.PDF
00528BULL,https://a100.gov.bc.ca/pub/fidq/downloadBathymetricMap.do?filename=00147001.PDF
00528SANJ,https://a100.gov.bc.ca/pub/fidq/downloadBathymetricMap.do?filename=00197701.PDF|https://a100.gov.bc.ca/pub/fidq/downloadBathymetricMap.do?filename=00204801.PDF
00529KETL,https://a100.gov.bc.ca/pub/fidq/downloadBathymetricMap.do?filename=00025201.PDF
00529MURR,https://a100.gov.bc.ca/pub/fidq/downloadBathymetricMap.do?filename=00279801.PDF
00530SANJ,https://a100.gov.bc.ca/pub/fidq/downloadBathymetricMap.do?filename=00197701.PDF
00531LTRE,https://a100.gov.bc.ca/pub/fidq/downloadBathymetricMap.do?filename=00239601.PDF
00531PARK,https://a100.gov.bc.ca/pub/fidq/downloadBathymetricMap.do?filename=00042201.PDF|https://a100.gov.bc.ca/pub/fidq/downloadBathymetricMap.do?filename=00203201.PDF
00532CLAY,https://a100.gov.bc.ca/pub/fidq/downloadBathymetricMap.do?filename=00185901.PDF
00533LILL,https://a100.gov.bc.ca/pub/fidq/downloadBathymetricMap.do?filename=00178101.PDF|https://a100.gov.bc.ca/pub/fidq/downloadBathymetricMap.do?filename=00178102.PDF|https://a100.gov.bc.ca/pub/fidq/downloadBathymetricMap.do?filename=00178103.PDF
00534JERV,https://a100.gov.bc.ca/pub/fidq/downloadBathymetricMap.do?filename=00125901.PDF
00534TOBA,https://a100.gov.bc.ca/pub/fidq/downloadBathymetricMap.do?filename=00350901.PDF
00535FRCN,https://a100.gov.bc.ca/pub/fidq/downloadBathymetricMap.do?filename=00276301.PDF
00535KISP,https://a100.gov.bc.ca/pub/fidq/downloadBathymetricMap.do?filename=00060201.PDF
00537SANJ,https://a100.gov.bc.ca/pub/fidq/downloadBathymetricMap.do?filename=00113701.PDF|https://a100.gov.bc.ca/pub/fidq/downloadBathymetricMap.do?filename=00232601.PDF
00537THOM,https://a100.gov.bc.ca/pub/fidq/downloadBathymetricMap.do?filename=00174101.PDF
00537UKEC,https://a100.gov.bc.ca/pub/fidq/downloadBathymetricMap.do?filename=00189301.PDF
00539EUCH,https://a100.gov.bc.ca/pub/fidq/downloadBathymetricMap.do?filename=00237701.PDF
00539ISKR,https://a100.gov.bc.ca/pub/fidq/downloadBathymetricMap.do?filename=00149401.PDF
00542LSAL,https://a100.gov.bc.ca/pub/fidq/downloadBathymetricMap.do?filename=00118901.PDF
00542SANJ,https://a100.gov.bc.ca/pub/fidq/downloadBathymetricMap.do?filename=00068301.PDF|https://a100.gov.bc.ca/pub/fidq/downloadBathymetricMap.do?filename=00068201.PDF
00542UDEN,https://a100.gov.bc.ca/pub/fidq/downloadBathymetricMap.do?filename=00199301.PDF
00543SIML,https://a100.gov.bc.ca/pub/fidq/downloadBathymetricMap.do?filename=00092101.PDF
00544PARS,https://a100.gov.bc.ca/pub/fidq/downloadBathymetricMap.do?filename=00319101.PDF
00544PINE,https://a100.gov.bc.ca/pub/fidq/downloadBathymetricMap.do?filename=00073901.PDF|https://a100.gov.bc.ca/pub/fidq/downloadBathymetricMap.do?filename=00074001.PDF
00545SIML,https://a100.gov.bc.ca/pub/fidq/downloadBathymetricMap.do?filename=00072601.PDF
00545WILL,https://a100.gov.bc.ca/pub/fidq/downloadBathymetricMap.do?filename=00082901.PDF|https://a100.gov.bc.ca/pub/fidq/downloadBathymetricMap.do?filename=00082801.PDF
00548JERV,https://a100.gov.bc.ca/pub/fidq/downloadBathymetricMap.do?filename=00087001.PDF
00548KINR,https://a100.gov.bc.ca/pub/fidq/downloadBathymetricMap.do?filename=00327601.PDF
00548UFRA,https://a100.gov.bc.ca/pub/fidq/downloadBathymetricMap.do?filename=00189501.PDF|https://a100.gov.bc.ca/pub/fidq/downloadBathymetricMap.do?filename=00189502.PDF
00549GOLD,https://a100.gov.bc.ca/pub/fidq/downloadBathymetricMap.do?filename=00247701.PDF
00549KHOR,https://a100.gov.bc.ca/pub/fidq/downloadBathymetricMap.do?filename=00130001.PDF
00549MURR,https://a100.gov.bc.ca/pub/fidq/downloadBathymetricMap.do?filename=00279801.PDF
00549SANJ,https://a100.gov.bc.ca/pub/fidq/downloadBathymetricMap.do?filename=00272401.PDF
00550SHER,https://a100.gov.bc.ca/pub/fidq/downloadBathymetricMap.do?filename=00161101.PDF
00550SHUL,https://a100.gov.bc.ca/pub/fidq/downloadBathymetricMap.do?filename=00293201.PDF|https://a100.gov.bc.ca/pub/fidq/downloadBathymetricMap.do?filename=00293202.PDF|https://a100.gov.bc.ca/pub/fidq/downloadBathymetricMap.do?filename=00293203.PDF
00552DOGC,https://a100.gov.bc.ca/pub/fidq/downloadBathymetricMap.do?filename=00128801.PDF
00552UPCE,https://a100.gov.bc.ca/pub/fidq/downloadBathymetricMap.do?filename=00048201.PDF
00553JERV,https://a100.gov.bc.ca/pub/fidq/downloadBathymetricMap.do?filename=00091801.PDF
00553LNTH,https://a100.gov.bc.ca/pub/fidq/downloadBathymetricMap.do?filename=00111801.PDF
00554INKR,https://a100.gov.bc.ca/pub/fidq/downloadBathymetricMap.do?filename=00279701.PDF
00556FRCN,https://a100.gov.bc.ca/pub/fidq/downloadBathymetricMap.do?filename=00270101.PDF
00556SANJ,https://a100.gov.bc.ca/pub/fidq/downloadBathymetricMap.do?filename=00138801.PDF
00557STHM,https://a100.gov.bc.ca/pub/fidq/downloadBathymetricMap.do?filename=00321701.PDF
00558HORS,https://a100.gov.bc.ca/pub/fidq/downloadBathymetricMap.do?filename=00055101.PDF
00559SQAM,https://a100.gov.bc.ca/pub/fidq/downloadBathymetricMap.do?filename=00041201.PDF
00560CARR,https://a100.gov.bc.ca/pub/fidq/downloadBathymetricMap.do?filename=00235701.PDF
00560SANJ,https://a100.gov.bc.ca/pub/fidq/downloadBathymetricMap.do?filename=00112301.PDF|https://a100.gov.bc.ca/pub/fidq/downloadBathymetricMap.do?filename=00112501.PDF
00561KISP,https://a100.gov.bc.ca/pub/fidq/downloadBathymetricMap.do?filename=00125701.PDF
00563FRAN,https://a100.gov.bc.ca/pub/fidq/downloadBathymetricMap.do?filename=00155101.PDF
00563HORS,https://a100.gov.bc.ca/pub/fidq/downloadBathymetricMap.do?filename=00039901.PDF
00563NIMP,https://a100.gov.bc.ca/pub/fidq/downloadBathymetricMap.do?filename=00204501.PDF
00563PINE,https://a100.gov.bc.ca/pub/fidq/downloadBathymetricMap.do?filename=00343601.PDF
00563SQAM,https://a100.gov.bc.ca/pub/fidq/downloadBathymetricMap.do?filename=00022701.PDF
00564FRCN,https://a100.gov.bc.ca/pub/fidq/downloadBathymetricMap.do?filename=00091501.PDF
00564SMOK,https://a100.gov.bc.ca/pub/fidq/downloadBathymetricMap.do?filename=00324501.PDF
00565MFRA,https://a100.gov.bc.ca/pub/fidq/downloadBathymetricMap.do?filename=00115201.PDF
00566COTR,https://a100.gov.bc.ca/pub/fidq/downloadBathymetricMap.do?filename=00081401.PDF
00566LSKE,https://a100.gov.bc.ca/pub/fidq/downloadBathymetricMap.do?filename=00258601.PDF
00566SANJ,https://a100.gov.bc.ca/pub/fidq/downloadBathymetricMap.do?filename=00089001.PDF|https://a100.gov.bc.ca/pub/fidq/downloadBathymetricMap.do?filename=00089401.PDF
00567CARR,https://a100.gov.bc.ca/pub/fidq/downloadBathymetricMap.do?filename=00290801.PDF
00569TOBA,https://a100.gov.bc.ca/pub/fidq/downloadBathymetricMap.do?filename=00351001.PDF
00570CARP,https://a100.gov.bc.ca/pub/fidq/downloadBathymetricMap.do?filename=00221001.PDF
00571SETN,https://a100.gov.bc.ca/pub/fidq/downloadBathymetricMap.do?filename=00327701.PDF|https://a100.gov.bc.ca/pub/fidq/downloadBathymetricMap.do?filename=00327702.PDF|https://a100.gov.bc.ca/pub/fidq/downloadBathymetricMap.do?filename=00303001.PDF
00572LCHL,https://a100.gov.bc.ca/pub/fidq/downloadBathymetricMap.do?filename=00019201.PDF
00573ALBN,https://a100.gov.bc.ca/pub/fidq/downloadBathymetricMap.do?filename=00241601.PDF
00573LFRA,https://a100.gov.bc.ca/pub/fidq/downloadBathymetricMap.do?filename=00149701.PDF
00573MFRA,https://a100.gov.bc.ca/pub/fidq/downloadBathymetricMap.do?filename=00098401.PDF|https://a100.gov.bc.ca/pub/fidq/downloadBathymetricMap.do?filename=00098701.PDF
00573TOBA,https://a100.gov.bc.ca/pub/fidq/downloadBathymetricMap.do?filename=00344001.PDF
00575BULK,https://a100.gov.bc.ca/pub/fidq/downloadBathymetricMap.do?filename=00111701.PDF
00575COWN,https://a100.gov.bc.ca/pub/fidq/downloadBathymetricMap.do?filename=00088201.PDF
00575ISKR,https://a100.gov.bc.ca/pub/fidq/downloadBathymetricMap.do?filename=00245501.PDF
00576LFRA,https://a100.gov.bc.ca/pub/fidq/downloadBathymetricMap.do?filename=00296101.PDF
00576MURR,https://a100.gov.bc.ca/pub/fidq/downloadBathymetricMap.do?filename=00146001.PDF
00576NATR,https://a100.gov.bc.ca/pub/fidq/downloadBathymetricMap.do?filename=00054101.PDF
00576SALM,https://a100.gov.bc.ca/pub/fidq/downloadBathymetricMap.do?filename=00293701.PDF
00577SANJ,https://a100.gov.bc.ca/pub/fidq/downloadBathymetricMap.do?filename=00122301.PDF|https://a100.gov.bc.ca/pub/fidq/downloadBathymetricMap.do?filename=00122401.PDF
00577SQAM,https://a100.gov.bc.ca/pub/fidq/downloadBathymetricMap.do?filename=00037801.PDF|https://a100.gov.bc.ca/pub/fidq/downloadBathymetricMap.do?filename=00041201.PDF
00578LNIC,https://a100.gov.bc.ca/pub/fidq/downloadBathymetricMap.do?filename=00312201.PDF
00579BRID,https://a100.gov.bc.ca/pub/fidq/downloadBathymetricMap.do?filename=00017601.PDF
00579BULK,https://a100.gov.bc.ca/pub/fidq/downloadBathymetricMap.do?filename=00273901.PDF|https://a100.gov.bc.ca/pub/fidq/downloadBathymetricMap.do?filename=00205701.PDF
00579STUL,https://a100.gov.bc.ca/pub/fidq/downloadBathymetricMap.do?filename=00190601.PDF
00581BOWR,https://a100.gov.bc.ca/pub/fidq/downloadBathymetricMap.do?filename=00172701.PDF
00581JERV,https://a100.gov.bc.ca/pub/fidq/downloadBathymetricMap.do?filename=00079401.PDF
00581PARK,https://a100.gov.bc.ca/pub/fidq/downloadBathymetricMap.do?filename=00142301.PDF
00583SANJ,https://a100.gov.bc.ca/pub/fidq/downloadBathymetricMap.do?filename=00140701.PDF|https://a100.gov.bc.ca/pub/fidq/downloadBathymetricMap.do?filename=00140301.PDF
00584GUIC,https://a100.gov.bc.ca/pub/fidq/downloadBathymetricMap.do?filename=00180501.PDF
00584MURR,https://a100.gov.bc.ca/pub/fidq/downloadBathymetricMap.do?filename=00146001.PDF
00585COLR,https://a100.gov.bc.ca/pub/fidq/downloadBathymetricMap.do?filename=00258701.PDF
00586COLR,https://a100.gov.bc.ca/pub/fidq/downloadBathymetricMap.do?filename=00174901.PDF
00587LCHL,https://a100.gov.bc.ca/pub/fidq/downloadBathymetricMap.do?filename=00188701.PDF
00588COMX,https://a100.gov.bc.ca/pub/fidq/downloadBathymetricMap.do?filename=00229301.PDF
00588SIML,https://a100.gov.bc.ca/pub/fidq/downloadBathymetricMap.do?filename=00294401.PDF
00588SQAM,https://a100.gov.bc.ca/pub/fidq/downloadBathymetricMap.do?filename=00045601.PDF|https://a100.gov.bc.ca/pub/fidq/downloadBathymetricMap.do?filename=00023701.PDF
00589BRID,https://a100.gov.bc.ca/pub/fidq/downloadBathymetricMap.do?filename=00284701.PDF
00589MURR,https://a100.gov.bc.ca/pub/fidq/downloadBathymetricMap.do?filename=00083901.PDF
00592SQAM,https://a100.gov.bc.ca/pub/fidq/downloadBathymetricMap.do?filename=00155501.PDF
00593COWN,https://a100.gov.bc.ca/pub/fidq/downloadBathymetricMap.do?filename=00056301.PDF
00593HORS,https://a100.gov.bc.ca/pub/fidq/downloadBathymetricMap.do?filename=00288201.PDF|https://a100.gov.bc.ca/pub/fidq/downloadBathymetricMap.do?filename=00288202.PDF
00594CARR,https://a100.gov.bc.ca/pub/fidq/downloadBathymetricMap.do?filename=00143301.PDF
00594NIMP,https://a100.gov.bc.ca/pub/fidq/downloadBathymetricMap.do?filename=00227701.PDF|https://a100.gov.bc.ca/pub/fidq/downloadBathymetricMap.do?filename=00227702.PDF|https://a100.gov.bc.ca/pub/fidq/downloadBathymetricMap.do?filename=00227703.PDF
00595KOTL,https://a100.gov.bc.ca/pub/fidq/downloadBathymetricMap.do?filename=00050701.PDF
00595LNTH,https://a100.gov.bc.ca/pub/fidq/downloadBathymetricMap.do?filename=00111801.PDF|https://a100.gov.bc.ca/pub/fidq/downloadBathymetricMap.do?filename=00346701.PDF
00596BULK,https://a100.gov.bc.ca/pub/fidq/downloadBathymetricMap.do?filename=00123501.PDF
00596HORS,https://a100.gov.bc.ca/pub/fidq/downloadBathymetricMap.do?filename=00028901.PDF
00596LNTH,https://a100.gov.bc.ca/pub/fidq/downloadBathymetricMap.do?filename=00289101.PDF|https://a100.gov.bc.ca/pub/fidq/downloadBathymetricMap.do?filename=00289102.PDF
00597COWN,https://a100.gov.bc.ca/pub/fidq/downloadBathymetricMap.do?filename=00118701.PDF
00597KLUM,https://a100.gov.bc.ca/pub/fidq/downloadBathymetricMap.do?filename=00319601.PDF
00597LCHL,https://a100.gov.bc.ca/pub/fidq/downloadBathymetricMap.do?filename=00240501.PDF
00597SIML,https://a100.gov.bc.ca/pub/fidq/downloadBathymetricMap.do?filename=00101101.PDF
00597TWAC,https://a100.gov.bc.ca/pub/fidq/downloadBathymetricMap.do?filename=00113401.PDF|https://a100.gov.bc.ca/pub/fidq/downloadBathymetricMap.do?filename=00260001.PDF|https://a100.gov.bc.ca/pub/fidq/downloadBathymetricMap.do?filename=00259901.PDF
00599FRAN,https://a100.gov.bc.ca/pub/fidq/downloadBathymetricMap.do?filename=00136601.PDF
00599MURR,https://a100.gov.bc.ca/pub/fidq/downloadBathymetricMap.do?filename=00083901.PDF
00599PINE,https://a100.gov.bc.ca/pub/fidq/downloadBathymetricMap.do?filename=00154001.PDF
00599SQAM,https://a100.gov.bc.ca/pub/fidq/downloadBathymetricMap.do?filename=00062201.PDF
00600CLRH,https://a100.gov.bc.ca/pub/fidq/downloadBathymetricMap.do?filename=00157901.PDF
00600FRCN,https://a100.gov.bc.ca/pub/fidq/downloadBathymetricMap.do?filename=00145301.PDF|https://a100.gov.bc.ca/pub/fidq/downloadBathymetricMap.do?filename=00152301.PDF
00600KHOR,https://a100.gov.bc.ca/pub/fidq/downloadBathymetricMap.do?filename=00042601.PDF
00600NIMP,https://a100.gov.bc.ca/pub/fidq/downloadBathymetricMap.do?filename=00279901.PDF|https://a100.gov.bc.ca/pub/fidq/downloadBathymetricMap.do?filename=00284501.PDF
00601CHIR,https://a100.gov.bc.ca/pub/fidq/downloadBathymetricMap.do?filename=00186901.PDF
00601FRAN,https://a100.gov.bc.ca/pub/fidq/downloadBathymetricMap.do?filename=00221101.PDF|https://a100.gov.bc.ca/pub/fidq/downloadBathymetricMap.do?filename=00221102.PDF
00601PINE,https://a100.gov.bc.ca/pub/fidq/downloadBathymetricMap.do?filename=00154101.PDF
00601STHM,https://a100.gov.bc.ca/pub/fidq/downloadBathymetricMap.do?filename=00336001.PDF
00602PINE,https://a100.gov.bc.ca/pub/fidq/downloadBathymetricMap.do?filename=00153901.PDF
00602UNRS,https://a100.gov.bc.ca/pub/fidq/downloadBathymetricMap.do?filename=00275101.PDF
00603FRCN,https://a100.gov.bc.ca/pub/fidq/downloadBathymetricMap.do?filename=00087901.PDF|https://a100.gov.bc.ca/pub/fidq/downloadBathymetricMap.do?filename=00036501.PDF
00603TASR,https://a100.gov.bc.ca/pub/fidq/downloadBathymetricMap.do?filename=00246701.PDF
00604STHM,https://a100.gov.bc.ca/pub/fidq/downloadBathymetricMap.do?filename=00126001.PDF
00605HORS,https://a100.gov.bc.ca/pub/fidq/downloadBathymetricMap.do?filename=00050501.PDF
00605PARK,https://a100.gov.bc.ca/pub/fidq/downloadBathymetricMap.do?filename=00076601.PDF
00606BONP,https://a100.gov.bc.ca/pub/fidq/downloadBathymetricMap.do?filename=00227901.PDF|https://a100.gov.bc.ca/pub/fidq/downloadBathymetricMap.do?filename=00227902.PDF
00606FRCN,https://a100.gov.bc.ca/pub/fidq/downloadBathymetricMap.do?filename=00053901.PDF|https://a100.gov.bc.ca/pub/fidq/downloadBathymetricMap.do?filename=00241501.PDF
00606HORS,https://a100.gov.bc.ca/pub/fidq/downloadBathymetricMap.do?filename=00166601.PDF
00606MURR,https://a100.gov.bc.ca/pub/fidq/downloadBathymetricMap.do?filename=00083901.PDF
00607SQAM,https://a100.gov.bc.ca/pub/fidq/downloadBathymetricMap.do?filename=00009601.PDF
00607THOM,https://a100.gov.bc.ca/pub/fidq/downloadBathymetricMap.do?filename=00057201.PDF
00607WILL,https://a100.gov.bc.ca/pub/fidq/downloadBathymetricMap.do?filename=00195101.PDF
00608COWN,https://a100.gov.bc.ca/pub/fidq/downloadBathymetricMap.do?filename=00297501.PDF
00609ATLL,https://a100.gov.bc.ca/pub/fidq/downloadBathymetricMap.do?filename=00181601.PDF
00610KINR,https://a100.gov.bc.ca/pub/fidq/downloadBathymetricMap.do?filename=00275901.PDF
00610KLUM,https://a100.gov.bc.ca/pub/fidq/downloadBathymetricMap.do?filename=00319601.PDF
00610PARK,https://a100.gov.bc.ca/pub/fidq/downloadBathymetricMap.do?filename=00121801.PDF
00613ALBN,https://a100.gov.bc.ca/pub/fidq/downloadBathymetricMap.do?filename=00119701.PDF
00613KHOR,https://a100.gov.bc.ca/pub/fidq/downloadBathymetricMap.do?filename=00172801.PDF
00614BULK,https://a100.gov.bc.ca/pub/fidq/downloadBathymetricMap.do?filename=00324001.PDF
00614SQAM,https://a100.gov.bc.ca/pub/fidq/downloadBathymetricMap.do?filename=00059101.PDF
00615NAZR,https://a100.gov.bc.ca/pub/fidq/downloadBathymetricMap.do?filename=00053401.PDF
00615NEVI,https://a100.gov.bc.ca/pub/fidq/downloadBathymetricMap.do?filename=00018201.PDF
00616COWN,https://a100.gov.bc.ca/pub/fidq/downloadBathymetricMap.do?filename=00173801.PDF
00616NATR,https://a100.gov.bc.ca/pub/fidq/downloadBathymetricMap.do?filename=00280001.PDF
00617CHIR,https://a100.gov.bc.ca/pub/fidq/downloadBathymetricMap.do?filename=00233801.PDF
00617LNRS,https://a100.gov.bc.ca/pub/fidq/downloadBathymetricMap.do?filename=00060401.PDF
00618DEAD,https://a100.gov.bc.ca/pub/fidq/downloadBathymetricMap.do?filename=00044201.PDF
00618OKAN,https://a100.gov.bc.ca/pub/fidq/downloadBathymetricMap.do?filename=00274301.PDF
00618USIK,https://a100.gov.bc.ca/pub/fidq/downloadBathymetricMap.do?filename=00216601.PDF
00619GRNL,https://a100.gov.bc.ca/pub/fidq/downloadBathymetricMap.do?filename=00053101.PDF
00619OKAN,https://a100.gov.bc.ca/pub/fidq/downloadBathymetricMap.do?filename=00307001.PDF
00620LCHR,https://a100.gov.bc.ca/pub/fidq/downloadBathymetricMap.do?filename=00102201.PDF
00620SHER,https://a100.gov.bc.ca/pub/fidq/downloadBathymetricMap.do?filename=00150001.PDF|https://a100.gov.bc.ca/pub/fidq/downloadBathymetricMap.do?filename=00150002.PDF
00621SPAT,https://a100.gov.bc.ca/pub/fidq/downloadBathymetricMap.do?filename=00091601.PDF
00622KLIN,https://a100.gov.bc.ca/pub/fidq/downloadBathymetricMap.do?filename=00314201.PDF|https://a100.gov.bc.ca/pub/fidq/downloadBathymetricMap.do?filename=00133901.PDF
00622NEVI,https://a100.gov.bc.ca/pub/fidq/downloadBathymetricMap.do?filename=00187401.PDF
00623SALM,https://a100.gov.bc.ca/pub/fidq/downloadBathymetricMap.do?filename=00049901.PDF
00624COMX,https://a100.gov.bc.ca/pub/fidq/downloadBathymetricMap.do?filename=00282401.PDF
00627CLAY,https://a100.gov.bc.ca/pub/fidq/downloadBathymetricMap.do?filename=00247001.PDF
00627KHOR,https://a100.gov.bc.ca/pub/fidq/downloadBathymetricMap.do?filename=00077201.PDF
00627SIML,https://a100.gov.bc.ca/pub/fidq/downloadBathymetricMap.do?filename=00046001.PDF|https://a100.gov.bc.ca/pub/fidq/downloadBathymetricMap.do?filename=00045701.PDF|https://a100.gov.bc.ca/pub/fidq/downloadBathymetricMap.do?filename=00305701.PDF
00628FIRE,https://a100.gov.bc.ca/pub/fidq/downloadBathymetricMap.do?filename=00318701.PDF
00628FROG,https://a100.gov.bc.ca/pub/fidq/downloadBathymetricMap.do?filename=00225201.PDF
00628LFRA,https://a100.gov.bc.ca/pub/fidq/downloadBathymetricMap.do?filename=00021501.PDF
00628OKAN,https://a100.gov.bc.ca/pub/fidq/downloadBathymetricMap.do?filename=00274301.PDF
00629GOLD,https://a100.gov.bc.ca/pub/fidq/downloadBathymetricMap.do?filename=00239401.PDF
00630COLR,https://a100.gov.bc.ca/pub/fidq/downloadBathymetricMap.do?filename=00227501.PDF|https://a100.gov.bc.ca/pub/fidq/downloadBathymetricMap.do?filename=00224001.PDF|https://a100.gov.bc.ca/pub/fidq/downloadBathymetricMap.do?filename=00227502.PDF
00631ATLL,https://a100.gov.bc.ca/pub/fidq/downloadBathymetricMap.do?filename=00119601.PDF
00631FROG,https://a100.gov.bc.ca/pub/fidq/downloadBathymetricMap.do?filename=00033001.PDF
00631PARK,https://a100.gov.bc.ca/pub/fidq/downloadBathymetricMap.do?filename=00042201.PDF
00633COLR,https://a100.gov.bc.ca/pub/fidq/downloadBathymetricMap.do?filename=00258701.PDF|https://a100.gov.bc.ca/pub/fidq/downloadBathymetricMap.do?filename=00100901.PDF
00633KHOR,https://a100.gov.bc.ca/pub/fidq/downloadBathymetricMap.do?filename=00156901.PDF
00633OKAN,https://a100.gov.bc.ca/pub/fidq/downloadBathymetricMap.do?filename=00274301.PDF
00633PARK,https://a100.gov.bc.ca/pub/fidq/downloadBathymetricMap.do?filename=00086901.PDF
00634DEAL,https://a100.gov.bc.ca/pub/fidq/downloadBathymetricMap.do?filename=00050601.PDF
00637KOTL,https://a100.gov.bc.ca/pub/fidq/downloadBathymetricMap.do?filename=00035901.PDF
00637NATR,https://a100.gov.bc.ca/pub/fidq/downloadBathymetricMap.do?filename=00101801.PDF
00638BOWR,https://a100.gov.bc.ca/pub/fidq/downloadBathymetricMap.do?filename=00008001.PDF
00638SPAT,https://a100.gov.bc.ca/pub/fidq/downloadBathymetricMap.do?filename=00233901.PDF
00639COLR,https://a100.gov.bc.ca/pub/fidq/downloadBathymetricMap.do?filename=00056101.PDF
00639SIML,https://a100.gov.bc.ca/pub/fidq/downloadBathymetricMap.do?filename=00262901.PDF|https://a100.gov.bc.ca/pub/fidq/downloadBathymetricMap.do?filename=00263001.PDF|https://a100.gov.bc.ca/pub/fidq/downloadBathymetricMap.do?filename=00304001.PDF
00639STHM,https://a100.gov.bc.ca/pub/fidq/downloadBathymetricMap.do?filename=00123201.PDF|https://a100.gov.bc.ca/pub/fidq/downloadBathymetricMap.do?filename=00185201.PDF
00640JERV,https://a100.gov.bc.ca/pub/fidq/downloadBathymetricMap.do?filename=00136201.PDF
00643COMX,https://a100.gov.bc.ca/pub/fidq/downloadBathymetricMap.do?filename=00219001.PDF
00646PARK,https://a100.gov.bc.ca/pub/fidq/downloadBathymetricMap.do?filename=00236001.PDF
00647NIMP,https://a100.gov.bc.ca/pub/fidq/downloadBathymetricMap.do?filename=00065701.PDF
00647SMAR,https://a100.gov.bc.ca/pub/fidq/downloadBathymetricMap.do?filename=00283201.PDF
00648BOWR,https://a100.gov.bc.ca/pub/fidq/downloadBathymetricMap.do?filename=00307701.PDF
00649BOWR,https://a100.gov.bc.ca/pub/fidq/downloadBathymetricMap.do?filename=00008101.PDF
00649FRCN,https://a100.gov.bc.ca/pub/fidq/downloadBathymetricMap.do?filename=00322201.PDF
00649LFRA,https://a100.gov.bc.ca/pub/fidq/downloadBathymetricMap.do?filename=00268301.PDF
00649USHU,https://a100.gov.bc.ca/pub/fidq/downloadBathymetricMap.do?filename=00218001.PDF|https://a100.gov.bc.ca/pub/fidq/downloadBathymetricMap.do?filename=00218002.PDF
00650LSAL,https://a100.gov.bc.ca/pub/fidq/downloadBathymetricMap.do?filename=00163601.PDF
00650UARL,https://a100.gov.bc.ca/pub/fidq/downloadBathymetricMap.do?filename=00023601.PDF
00650UISR,https://a100.gov.bc.ca/pub/fidq/downloadBathymetricMap.do?filename=00142101.PDF
00651EUCH,https://a100.gov.bc.ca/pub/fidq/downloadBathymetricMap.do?filename=00298501.PDF
00651KHOR,https://a100.gov.bc.ca/pub/fidq/downloadBathymetricMap.do?filename=00042601.PDF
00652BRID,https://a100.gov.bc.ca/pub/fidq/downloadBathymetricMap.do?filename=00235601.PDF
00652KETL,https://a100.gov.bc.ca/pub/fidq/downloadBathymetricMap.do?filename=00267501.PDF
00653COLR,https://a100.gov.bc.ca/pub/fidq/downloadBathymetricMap.do?filename=00136101.PDF
00654BOWR,https://a100.gov.bc.ca/pub/fidq/downloadBathymetricMap.do?filename=00008201.PDF
00654NECR,https://a100.gov.bc.ca/pub/fidq/downloadBathymetricMap.do?filename=00238501.PDF|https://a100.gov.bc.ca/pub/fidq/downloadBathymetricMap.do?filename=00345101.PDF|https://a100.gov.bc.ca/pub/fidq/downloadBathymetricMap.do?filename=00345201.PDF
00654TAKL,https://a100.gov.bc.ca/pub/fidq/downloadBathymetricMap.do?filename=00250101.PDF
00656BABL,https://a100.gov.bc.ca/pub/fidq/downloadBathymetricMap.do?filename=00138501.PDF
00656BOWR,https://a100.gov.bc.ca/pub/fidq/downloadBathymetricMap.do?filename=00307701.PDF
00656CARP,https://a100.gov.bc.ca/pub/fidq/downloadBathymetricMap.do?filename=00169701.PDF
00656HORS,https://a100.gov.bc.ca/pub/fidq/downloadBathymetricMap.do?filename=00154801.PDF
00656TASR,https://a100.gov.bc.ca/pub/fidq/downloadBathymetricMap.do?filename=00280101.PDF
00658CLWR,https://a100.gov.bc.ca/pub/fidq/downloadBathymetricMap.do?filename=00306201.PDF|https://a100.gov.bc.ca/pub/fidq/downloadBathymetricMap.do?filename=00306101.PDF|https://a100.gov.bc.ca/pub/fidq/downloadBathymetricMap.do?filename=00288001.PDF|https://a100.gov.bc.ca/pub/fidq/downloadBathymetricMap.do?filename=00329701.PDF|https://a100.gov.bc.ca/pub/fidq/downloadBathymetricMap.do?filename=00288002.PDF
00658NATR,https://a100.gov.bc.ca/pub/fidq/downloadBathymetricMap.do?filename=00060001.PDF
00659BRID,https://a100.gov.bc.ca/pub/fidq/downloadBathymetricMap.do?filename=00226601.PDF
00659CARR,https://a100.gov.bc.ca/pub/fidq/downloadBathymetricMap.do?filename=00063101.PDF
00659GRNL,https://a100.gov.bc.ca/pub/fidq/downloadBathymetricMap.do?filename=00211801.PDF
00660HORS,https://a100.gov.bc.ca/pub/fidq/downloadBathymetricMap.do?filename=00182101.PDF|https://a100.gov.bc.ca/pub/fidq/downloadBathymetricMap.do?filename=00181901.PDF
00661CARP,https://a100.gov.bc.ca/pub/fidq/downloadBathymetricMap.do?filename=00201501.PDF
00662COMX,https://a100.gov.bc.ca/pub/fidq/downloadBathymetricMap.do?filename=00282201.PDF
00663CARP,https://a100.gov.bc.ca/pub/fidq/downloadBathymetricMap.do?filename=00118201.PDF
00665KOTL,https://a100.gov.bc.ca/pub/fidq/downloadBathymetricMap.do?filename=00293901.PDF
00668KHOR,https://a100.gov.bc.ca/pub/fidq/downloadBathymetricMap.do?filename=00173501.PDF|https://a100.gov.bc.ca/pub/fidq/downloadBathymetricMap.do?filename=00173601.PDF
00668PARK,https://a100.gov.bc.ca/pub/fidq/downloadBathymetricMap.do?filename=00222801.PDF
00670BABL,https://a100.gov.bc.ca/pub/fidq/downloadBathymetricMap.do?filename=00113901.PDF
00672MURT,https://a100.gov.bc.ca/pub/fidq/downloadBathymetricMap.do?filename=00185301.PDF
00672SHUL,https://a100.gov.bc.ca/pub/fidq/downloadBathymetricMap.do?filename=00178001.PDF
00673MURT,https://a100.gov.bc.ca/pub/fidq/downloadBathymetricMap.do?filename=00187001.PDF|https://a100.gov.bc.ca/pub/fidq/downloadBathymetricMap.do?filename=00187101.PDF|https://a100.gov.bc.ca/pub/fidq/downloadBathymetricMap.do?filename=00191901.PDF|https://a100.gov.bc.ca/pub/fidq/downloadBathymetricMap.do?filename=00191902.PDF|https://a100.gov.bc.ca/pub/fidq/downloadBathymetricMap.do?filename=00191903.PDF
00674LNTH,https://a100.gov.bc.ca/pub/fidq/downloadBathymetricMap.do?filename=00344601.PDF
00675CARR,https://a100.gov.bc.ca/pub/fidq/downloadBathymetricMap.do?filename=00175401.PDF
00675LNTH,https://a100.gov.bc.ca/pub/fidq/downloadBathymetricMap.do?filename=00348701.PDF
00675MSKE,https://a100.gov.bc.ca/pub/fidq/downloadBathymetricMap.do?filename=00325201.PDF
00676KETL,https://a100.gov.bc.ca/pub/fidq/downloadBathymetricMap.do?filename=00267501.PDF
00676LNRS,https://a100.gov.bc.ca/pub/fidq/downloadBathymetricMap.do?filename=00264001.PDF
00677NIMP,https://a100.gov.bc.ca/pub/fidq/downloadBathymetricMap.do?filename=00277601.PDF
00678CARR,https://a100.gov.bc.ca/pub/fidq/downloadBathymetricMap.do?filename=00147301.PDF
00678LOMI,https://a100.gov.bc.ca/pub/fidq/downloadBathymetricMap.do?filename=00158301.PDF
00680LFRA,https://a100.gov.bc.ca/pub/fidq/downloadBathymetricMap.do?filename=00241401.PDF
00680MDEA,https://a100.gov.bc.ca/pub/fidq/downloadBathymetricMap.do?filename=00185801.PDF
00681COTR,https://a100.gov.bc.ca/pub/fidq/downloadBathymetricMap.do?filename=00024701.PDF
00682NIMP,https://a100.gov.bc.ca/pub/fidq/downloadBathymetricMap.do?filename=00284501.PDF
00683JERV,https://a100.gov.bc.ca/pub/fidq/downloadBathymetricMap.do?filename=00113601.PDF
00684LFRA,https://a100.gov.bc.ca/pub/fidq/downloadBathymetricMap.do?filename=00124801.PDF
00684UNTH,https://a100.gov.bc.ca/pub/fidq/downloadBathymetricMap.do?filename=00190801.PDF
00685NAZR,https://a100.gov.bc.ca/pub/fidq/downloadBathymetricMap.do?filename=00221801.PDF
00686CARP,https://a100.gov.bc.ca/pub/fidq/downloadBathymetricMap.do?filename=00311001.PDF
00687CHES,https://a100.gov.bc.ca/pub/fidq/downloadBathymetricMap.do?filename=00061001.PDF
00687LILL,https://a100.gov.bc.ca/pub/fidq/downloadBathymetricMap.do?filename=00162301.PDF
00688SQAM,https://a100.gov.bc.ca/pub/fidq/downloadBathymetricMap.do?filename=00114501.PDF
00690CAMB,https://a100.gov.bc.ca/pub/fidq/downloadBathymetricMap.do?filename=00276701.PDF
00690KOTL,https://a100.gov.bc.ca/pub/fidq/downloadBathymetricMap.do?filename=00125201.PDF
00694BONP,https://a100.gov.bc.ca/pub/fidq/downloadBathymetricMap.do?filename=00152401.PDF
00694OKAN,https://a100.gov.bc.ca/pub/fidq/downloadBathymetricMap.do?filename=00136801.PDF
00695KETL,https://a100.gov.bc.ca/pub/fidq/downloadBathymetricMap.do?filename=00267501.PDF
00695QUES,https://a100.gov.bc.ca/pub/fidq/downloadBathymetricMap.do?filename=00122701.PDF
00696LILL,https://a100.gov.bc.ca/pub/fidq/downloadBathymetricMap.do?filename=00162301.PDF
00697CHIL,https://a100.gov.bc.ca/pub/fidq/downloadBathymetricMap.do?filename=00072801.PDF
00697KISK,https://a100.gov.bc.ca/pub/fidq/downloadBathymetricMap.do?filename=00231901.PDF
00698CARR,https://a100.gov.bc.ca/pub/fidq/downloadBathymetricMap.do?filename=00206801.PDF
00698UKEC,https://a100.gov.bc.ca/pub/fidq/downloadBathymetricMap.do?filename=00288701.PDF|https://a100.gov.bc.ca/pub/fidq/downloadBathymetricMap.do?filename=00288702.PDF
00699COMX,https://a100.gov.bc.ca/pub/fidq/downloadBathymetricMap.do?filename=00025901.PDF
00701THOM,https://a100.gov.bc.ca/pub/fidq/downloadBathymetricMap.do?filename=00041301.PDF
00702CHES,https://a100.gov.bc.ca/pub/fidq/downloadBathymetricMap.do?filename=00046901.PDF
00702DOGC,https://a100.gov.bc.ca/pub/fidq/downloadBathymetricMap.do?filename=00066301.PDF
00703KLUM,https://a100.gov.bc.ca/pub/fidq/downloadBathymetricMap.do?filename=00195701.PDF
00703STHM,https://a100.gov.bc.ca/pub/fidq/downloadBathymetricMap.do?filename=00260501.PDF
00705SMOK,https://a100.gov.bc.ca/pub/fidq/downloadBathymetricMap.do?filename=00230501.PDF
00706CLAY,https://a100.gov.bc.ca/pub/fidq/downloadBathymetricMap.do?filename=00244601.PDF
00706SALM,https://a100.gov.bc.ca/pub/fidq/downloadBathymetricMap.do?filename=00051401.PDF
00708MAHD,https://a100.gov.bc.ca/pub/fidq/downloadBathymetricMap.do?filename=00238701.PDF
00708STHM,https://a100.gov.bc.ca/pub/fidq/downloadBathymetricMap.do?filename=00335501.PDF|https://a100.gov.bc.ca/pub/fidq/downloadBathymetricMap.do?filename=00260501.PDF
00708TASR,https://a100.gov.bc.ca/pub/fidq/downloadBathymetricMap.do?filename=00236701.PDF
00709KETL,https://a100.gov.bc.ca/pub/fidq/downloadBathymetricMap.do?filename=00274501.PDF|https://a100.gov.bc.ca/pub/fidq/downloadBathymetricMap.do?filename=00274701.PDF
00710BLAR,https://a100.gov.bc.ca/pub/fidq/downloadBathymetricMap.do?filename=00060301.PDF
00711INGR,https://a100.gov.bc.ca/pub/fidq/downloadBathymetricMap.do?filename=00137901.PDF
00711STUR,https://a100.gov.bc.ca/pub/fidq/downloadBathymetricMap.do?filename=00327001.PDF
00712CHIL,https://a100.gov.bc.ca/pub/fidq/downloadBathymetricMap.do?filename=00220801.PDF|https://a100.gov.bc.ca/pub/fidq/downloadBathymetricMap.do?filename=00220802.PDF
00712MFRA,https://a100.gov.bc.ca/pub/fidq/downloadBathymetricMap.do?filename=00049301.PDF
00713CLAY,https://a100.gov.bc.ca/pub/fidq/downloadBathymetricMap.do?filename=00236101.PDF
00713LFRA,https://a100.gov.bc.ca/pub/fidq/downloadBathymetricMap.do?filename=00235401.PDF
00714SIML,https://a100.gov.bc.ca/pub/fidq/downloadBathymetricMap.do?filename=00201001.PDF
00715THOM,https://a100.gov.bc.ca/pub/fidq/downloadBathymetricMap.do?filename=00169201.PDF
00717KETL,https://a100.gov.bc.ca/pub/fidq/downloadBathymetricMap.do?filename=00274601.PDF
00718CARP,https://a100.gov.bc.ca/pub/fidq/downloadBathymetricMap.do?filename=00287001.PDF|https://a100.gov.bc.ca/pub/fidq/downloadBathymetricMap.do?filename=00287002.PDF|https://a100.gov.bc.ca/pub/fidq/downloadBathymetricMap.do?filename=00287101.PDF|https://a100.gov.bc.ca/pub/fidq/downloadBathymetricMap.do?filename=00287102.PDF
00718OKAN,https://a100.gov.bc.ca/pub/fidq/downloadBathymetricMap.do?filename=00177801.PDF
00718UNTH,https://a100.gov.bc.ca/pub/fidq/downloadBathymetricMap.do?filename=00059901.PDF
00719COMX,https://a100.gov.bc.ca/pub/fidq/downloadBathymetricMap.do?filename=00238001.PDF
00720PARK,https://a100.gov.bc.ca/pub/fidq/downloadBathymetricMap.do?filename=00043701.PDF
00722BABL,https://a100.gov.bc.ca/pub/fidq/downloadBathymetricMap.do?filename=00055501.PDF|https://a100.gov.bc.ca/pub/fidq/downloadBathymetricMap.do?filename=00055201.PDF
00722BONP,https://a100.gov.bc.ca/pub/fidq/downloadBathymetricMap.do?filename=00257101.PDF
00723UDEN,https://a100.gov.bc.ca/pub/fidq/downloadBathymetricMap.do?filename=00097001.PDF
00724ADMS,https://a100.gov.bc.ca/pub/fidq/downloadBathymetricMap.do?filename=00208901.PDF
00724BULK,https://a100.gov.bc.ca/pub/fidq/downloadBathymetricMap.do?filename=00144401.PDF
00724EUCH,https://a100.gov.bc.ca/pub/fidq/downloadBathymetricMap.do?filename=00298501.PDF
00725CHES,https://a100.gov.bc.ca/pub/fidq/downloadBathymetricMap.do?filename=00123401.PDF
00725LPCE,https://a100.gov.bc.ca/pub/fidq/downloadBathymetricMap.do?filename=00165401.PDF
00725SIML,https://a100.gov.bc.ca/pub/fidq/downloadBathymetricMap.do?filename=00114201.PDF|https://a100.gov.bc.ca/pub/fidq/downloadBathymetricMap.do?filename=00261401.PDF
00725STUL,https://a100.gov.bc.ca/pub/fidq/downloadBathymetricMap.do?filename=00288401.PDF|https://a100.gov.bc.ca/pub/fidq/downloadBathymetricMap.do?filename=00288402.PDF|https://a100.gov.bc.ca/pub/fidq/downloadBathymetricMap.do?filename=00288403.PDF
00726BABL,https://a100.gov.bc.ca/pub/fidq/downloadBathymetricMap.do?filename=00254601.PDF|https://a100.gov.bc.ca/pub/fidq/downloadBathymetricMap.do?filename=00047001.PDF|https://a100.gov.bc.ca/pub/fidq/downloadBathymetricMap.do?filename=00254602.PDF
00726INGR,https://a100.gov.bc.ca/pub/fidq/downloadBathymetricMap.do?filename=00167801.PDF
00726NATR,https://a100.gov.bc.ca/pub/fidq/downloadBathymetricMap.do?filename=00191101.PDF
00727ADMS,https://a100.gov.bc.ca/pub/fidq/downloadBathymetricMap.do?filename=00189201.PDF
00727UTRE,https://a100.gov.bc.ca/pub/fidq/downloadBathymetricMap.do?filename=00145101.PDF
00728BRID,https://a100.gov.bc.ca/pub/fidq/downloadBathymetricMap.do?filename=00291001.PDF|https://a100.gov.bc.ca/pub/fidq/downloadBathymetricMap.do?filename=00226001.PDF
00728TABR,https://a100.gov.bc.ca/pub/fidq/downloadBathymetricMap.do?filename=00120801.PDF
00731COMX,https://a100.gov.bc.ca/pub/fidq/downloadBathymetricMap.do?filename=00281401.PDF
00731NATR,https://a100.gov.bc.ca/pub/fidq/downloadBathymetricMap.do?filename=00248501.PDF
00731NEVI,https://a100.gov.bc.ca/pub/fidq/downloadBathymetricMap.do?filename=00084901.PDF
00732ALBN,https://a100.gov.bc.ca/pub/fidq/downloadBathymetricMap.do?filename=00126401.PDF
00732LFRA,https://a100.gov.bc.ca/pub/fidq/downloadBathymetricMap.do?filename=00262501.PDF
00733MORK,https://a100.gov.bc.ca/pub/fidq/downloadBathymetricMap.do?filename=00194001.PDF
00733SALM,https://a100.gov.bc.ca/pub/fidq/downloadBathymetricMap.do?filename=00098201.PDF
00735CHIL,https://a100.gov.bc.ca/pub/fidq/downloadBathymetricMap.do?filename=00141901.PDF
00736CHES,https://a100.gov.bc.ca/pub/fidq/downloadBathymetricMap.do?filename=00328901.PDF|https://a100.gov.bc.ca/pub/fidq/downloadBathymetricMap.do?filename=00328902.PDF
00737BRID,https://a100.gov.bc.ca/pub/fidq/downloadBathymetricMap.do?filename=00038901.PDF|https://a100.gov.bc.ca/pub/fidq/downloadBathymetricMap.do?filename=00062101.PDF
00738KHOR,https://a100.gov.bc.ca/pub/fidq/downloadBathymetricMap.do?filename=00112001.PDF
00738NEVI,https://a100.gov.bc.ca/pub/fidq/downloadBathymetricMap.do?filename=00201301.PDF
00738UARL,https://a100.gov.bc.ca/pub/fidq/downloadBathymetricMap.do?filename=00154201.PDF
00739KETL,https://a100.gov.bc.ca/pub/fidq/downloadBathymetricMap.do?filename=00094601.PDF
00740PARK,https://a100.gov.bc.ca/pub/fidq/downloadBathymetricMap.do?filename=00120401.PDF|https://a100.gov.bc.ca/pub/fidq/downloadBathymetricMap.do?filename=00120301.PDF
00740SIML,https://a100.gov.bc.ca/pub/fidq/downloadBathymetricMap.do?filename=00056801.PDF|https://a100.gov.bc.ca/pub/fidq/downloadBathymetricMap.do?filename=00056901.PDF
00741LSKE,https://a100.gov.bc.ca/pub/fidq/downloadBathymetricMap.do?filename=00277301.PDF
00741TURN,https://a100.gov.bc.ca/pub/fidq/downloadBathymetricMap.do?filename=00200901.PDF
00743COMX,https://a100.gov.bc.ca/pub/fidq/downloadBathymetricMap.do?filename=00183401.PDF
00743UARL,https://a100.gov.bc.ca/pub/fidq/downloadBathymetricMap.do?filename=00228801.PDF|https://a100.gov.bc.ca/pub/fidq/downloadBathymetricMap.do?filename=00189601.PDF
00744LFRA,https://a100.gov.bc.ca/pub/fidq/downloadBathymetricMap.do?filename=00049701.PDF|https://a100.gov.bc.ca/pub/fidq/downloadBathymetricMap.do?filename=00271501.PDF
00744WILL,https://a100.gov.bc.ca/pub/fidq/downloadBathymetricMap.do?filename=00187801.PDF
00745COMX,https://a100.gov.bc.ca/pub/fidq/downloadBathymetricMap.do?filename=00197001.PDF
00746KOTL,https://a100.gov.bc.ca/pub/fidq/downloadBathymetricMap.do?filename=00185101.PDF
00747LIAR,https://a100.gov.bc.ca/pub/fidq/downloadBathymetricMap.do?filename=00291701.PDF|https://a100.gov.bc.ca/pub/fidq/downloadBathymetricMap.do?filename=00291702.PDF
00749STHM,https://a100.gov.bc.ca/pub/fidq/downloadBathymetricMap.do?filename=00339701.PDF
00750LFRA,https://a100.gov.bc.ca/pub/fidq/downloadBathymetricMap.do?filename=00127901.PDF
00751HORS,https://a100.gov.bc.ca/pub/fidq/downloadBathymetricMap.do?filename=00273001.PDF
00751KHOR,https://a100.gov.bc.ca/pub/fidq/downloadBathymetricMap.do?filename=00066601.PDF
00752FRAN,https://a100.gov.bc.ca/pub/fidq/downloadBathymetricMap.do?filename=00043201.PDF
00752PARK,https://a100.gov.bc.ca/pub/fidq/downloadBathymetricMap.do?filename=00043701.PDF
00754BABL,https://a100.gov.bc.ca/pub/fidq/downloadBathymetricMap.do?filename=00160401.PDF
00754CLAY,https://a100.gov.bc.ca/pub/fidq/downloadBathymetricMap.do?filename=00278201.PDF
00754MORK,https://a100.gov.bc.ca/pub/fidq/downloadBathymetricMap.do?filename=00300501.PDF
00754NASR,https://a100.gov.bc.ca/pub/fidq/downloadBathymetricMap.do?filename=00249701.PDF
00755KHOR,https://a100.gov.bc.ca/pub/fidq/downloadBathymetricMap.do?filename=00042401.PDF|https://a100.gov.bc.ca/pub/fidq/downloadBathymetricMap.do?filename=00125801.PDF
00755UTRE,https://a100.gov.bc.ca/pub/fidq/downloadBathymetricMap.do?filename=00211001.PDF
00756KHOR,https://a100.gov.bc.ca/pub/fidq/downloadBathymetricMap.do?filename=00066801.PDF
00756TAKL,https://a100.gov.bc.ca/pub/fidq/downloadBathymetricMap.do?filename=00187501.PDF
00757MESI,https://a100.gov.bc.ca/pub/fidq/downloadBathymetricMap.do?filename=00222601.PDF|https://a100.gov.bc.ca/pub/fidq/downloadBathymetricMap.do?filename=00222602.PDF
00757SALM,https://a100.gov.bc.ca/pub/fidq/downloadBathymetricMap.do?filename=00213501.PDF
00757SIML,https://a100.gov.bc.ca/pub/fidq/downloadBathymetricMap.do?filename=00093001.PDF|https://a100.gov.bc.ca/pub/fidq/downloadBathymetricMap.do?filename=00092901.PDF
00759UARL,https://a100.gov.bc.ca/pub/fidq/downloadBathymetricMap.do?filename=00342601.PDF
00760MURR,https://a100.gov.bc.ca/pub/fidq/downloadBathymetricMap.do?filename=00134201.PDF
00762KETL,https://a100.gov.bc.ca/pub/fidq/downloadBathymetricMap.do?filename=00207601.PDF
00762PARA,https://a100.gov.bc.ca/pub/fidq/downloadBathymetricMap.do?filename=00040401.PDF
00762STHM,https://a100.gov.bc.ca/pub/fidq/downloadBathymetricMap.do?filename=00276801.PDF|https://a100.gov.bc.ca/pub/fidq/downloadBathymetricMap.do?filename=00270901.PDF
00763LCHL,https://a100.gov.bc.ca/pub/fidq/downloadBathymetricMap.do?filename=00128401.PDF
00763SMAR,https://a100.gov.bc.ca/pub/fidq/downloadBathymetricMap.do?filename=00221201.PDF
00763STHM,https://a100.gov.bc.ca/pub/fidq/downloadBathymetricMap.do?filename=00276801.PDF
00765LILL,https://a100.gov.bc.ca/pub/fidq/downloadBathymetricMap.do?filename=00253601.PDF
00765PARK,https://a100.gov.bc.ca/pub/fidq/downloadBathymetricMap.do?filename=00202401.PDF
00765TWAC,https://a100.gov.bc.ca/pub/fidq/downloadBathymetricMap.do?filename=00148901.PDF
00766SALM,https://a100.gov.bc.ca/pub/fidq/downloadBathymetricMap.do?filename=00194201.PDF
00768KHOR,https://a100.gov.bc.ca/pub/fidq/downloadBathymetricMap.do?filename=00066701.PDF
00768SETN,https://a100.gov.bc.ca/pub/fidq/downloadBathymetricMap.do?filename=00021301.PDF
00769COMX,https://a100.gov.bc.ca/pub/fidq/downloadBathymetricMap.do?filename=00158101.PDF
00769FRAN,https://a100.gov.bc.ca/pub/fidq/downloadBathymetricMap.do?filename=00256201.PDF
00769KLUM,https://a100.gov.bc.ca/pub/fidq/downloadBathymetricMap.do?filename=00091701.PDF
00770MORK,https://a100.gov.bc.ca/pub/fidq/downloadBathymetricMap.do?filename=00300501.PDF
00771COTR,https://a100.gov.bc.ca/pub/fidq/downloadBathymetricMap.do?filename=00251701.PDF
00771KLAR,https://a100.gov.bc.ca/pub/fidq/downloadBathymetricMap.do?filename=00223701.PDF
00771MUSK,https://a100.gov.bc.ca/pub/fidq/downloadBathymetricMap.do?filename=00252001.PDF
00772PARK,https://a100.gov.bc.ca/pub/fidq/downloadBathymetricMap.do?filename=00110601.PDF
00773LFRA,https://a100.gov.bc.ca/pub/fidq/downloadBathymetricMap.do?filename=00010601.PDF
00773LNAR,https://a100.gov.bc.ca/pub/fidq/downloadBathymetricMap.do?filename=00308601.PDF
00774CRKD,https://a100.gov.bc.ca/pub/fidq/downloadBathymetricMap.do?filename=00240801.PDF
00774FRAN,https://a100.gov.bc.ca/pub/fidq/downloadBathymetricMap.do?filename=00043201.PDF
00774HORS,https://a100.gov.bc.ca/pub/fidq/downloadBathymetricMap.do?filename=00289401.PDF|https://a100.gov.bc.ca/pub/fidq/downloadBathymetricMap.do?filename=00289402.PDF
00774LILL,https://a100.gov.bc.ca/pub/fidq/downloadBathymetricMap.do?filename=00326001.PDF
00774UEUT,https://a100.gov.bc.ca/pub/fidq/downloadBathymetricMap.do?filename=00142001.PDF
00775BOWR,https://a100.gov.bc.ca/pub/fidq/downloadBathymetricMap.do?filename=00028101.PDF
00776LCHL,https://a100.gov.bc.ca/pub/fidq/downloadBathymetricMap.do?filename=00250601.PDF
00776STHM,https://a100.gov.bc.ca/pub/fidq/downloadBathymetricMap.do?filename=00276801.PDF|https://a100.gov.bc.ca/pub/fidq/downloadBathymetricMap.do?filename=00153001.PDF
00777MAHD,https://a100.gov.bc.ca/pub/fidq/downloadBathymetricMap.do?filename=00130101.PDF
00777SQAM,https://a100.gov.bc.ca/pub/fidq/downloadBathymetricMap.do?filename=00122001.PDF
00777STUR,https://a100.gov.bc.ca/pub/fidq/downloadBathymetricMap.do?filename=00163701.PDF
00780NIMP,https://a100.gov.bc.ca/pub/fidq/downloadBathymetricMap.do?filename=00220401.PDF
00781ALBN,https://a100.gov.bc.ca/pub/fidq/downloadBathymetricMap.do?filename=00157101.PDF
00781KETL,https://a100.gov.bc.ca/pub/fidq/downloadBathymetricMap.do?filename=00052501.PDF
00782ADMS,https://a100.gov.bc.ca/pub/fidq/downloadBathymetricMap.do?filename=00008401.PDF
00782COLR,https://a100.gov.bc.ca/pub/fidq/downloadBathymetricMap.do?filename=00095901.PDF
00782KLIN,https://a100.gov.bc.ca/pub/fidq/downloadBathymetricMap.do?filename=00258401.PDF|https://a100.gov.bc.ca/pub/fidq/downloadBathymetricMap.do?filename=00258402.PDF
00782MUSK,https://a100.gov.bc.ca/pub/fidq/downloadBathymetricMap.do?filename=00086401.PDF
00782SQAM,https://a100.gov.bc.ca/pub/fidq/downloadBathymetricMap.do?filename=00138401.PDF
00783BRID,https://a100.gov.bc.ca/pub/fidq/downloadBathymetricMap.do?filename=00274201.PDF
00783LSAL,https://a100.gov.bc.ca/pub/fidq/downloadBathymetricMap.do?filename=00070401.PDF|https://a100.gov.bc.ca/pub/fidq/downloadBathymetricMap.do?filename=00070501.PDF
00784COTR,https://a100.gov.bc.ca/pub/fidq/downloadBathymetricMap.do?filename=00128901.PDF
00784LPCE,https://a100.gov.bc.ca/pub/fidq/downloadBathymetricMap.do?filename=00296501.PDF|https://a100.gov.bc.ca/pub/fidq/downloadBathymetricMap.do?filename=00127301.PDF
00785MURR,https://a100.gov.bc.ca/pub/fidq/downloadBathymetricMap.do?filename=00263801.PDF
00786HORS,https://a100.gov.bc.ca/pub/fidq/downloadBathymetricMap.do?filename=00296401.PDF
00786LFRA,https://a100.gov.bc.ca/pub/fidq/downloadBathymetricMap.do?filename=00234401.PDF
00786PINE,https://a100.gov.bc.ca/pub/fidq/downloadBathymetricMap.do?filename=00112801.PDF
00786TASR,https://a100.gov.bc.ca/pub/fidq/downloadBathymetricMap.do?filename=00220301.PDF
00788BOWR,https://a100.gov.bc.ca/pub/fidq/downloadBathymetricMap.do?filename=00273501.PDF
00788GRNL,https://a100.gov.bc.ca/pub/fidq/downloadBathymetricMap.do?filename=00203601.PDF
00788UFRA,https://a100.gov.bc.ca/pub/fidq/downloadBathymetricMap.do?filename=00138901.PDF
00789COMX,https://a100.gov.bc.ca/pub/fidq/downloadBathymetricMap.do?filename=00308701.PDF
00790BRID,https://a100.gov.bc.ca/pub/fidq/downloadBathymetricMap.do?filename=00095501.PDF
00790SQAM,https://a100.gov.bc.ca/pub/fidq/downloadBathymetricMap.do?filename=00131501.PDF
00790UARL,https://a100.gov.bc.ca/pub/fidq/downloadBathymetricMap.do?filename=00094501.PDF
00791SALM,https://a100.gov.bc.ca/pub/fidq/downloadBathymetricMap.do?filename=00155201.PDF
00791TABR,https://a100.gov.bc.ca/pub/fidq/downloadBathymetricMap.do?filename=00166301.PDF
00792CHIR,https://a100.gov.bc.ca/pub/fidq/downloadBathymetricMap.do?filename=00167701.PDF|https://a100.gov.bc.ca/pub/fidq/downloadBathymetricMap.do?filename=00222501.PDF|https://a100.gov.bc.ca/pub/fidq/downloadBathymetricMap.do?filename=00222502.PDF
00792DEAL,https://a100.gov.bc.ca/pub/fidq/downloadBathymetricMap.do?filename=00195801.PDF
00792LSAL,https://a100.gov.bc.ca/pub/fidq/downloadBathymetricMap.do?filename=00054801.PDF
00792SALM,https://a100.gov.bc.ca/pub/fidq/downloadBathymetricMap.do?filename=00062501.PDF
00793KHOR,https://a100.gov.bc.ca/pub/fidq/downloadBathymetricMap.do?filename=00129701.PDF
00794FRAN,https://a100.gov.bc.ca/pub/fidq/downloadBathymetricMap.do?filename=00217201.PDF
00796LDEN,https://a100.gov.bc.ca/pub/fidq/downloadBathymetricMap.do?filename=00305201.PDF
00799COMX,https://a100.gov.bc.ca/pub/fidq/downloadBathymetricMap.do?filename=00158401.PDF
00802BRID,https://a100.gov.bc.ca/pub/fidq/downloadBathymetricMap.do?filename=00062001.PDF
00802COMX,https://a100.gov.bc.ca/pub/fidq/downloadBathymetricMap.do?filename=00295801.PDF
00802UFRA,https://a100.gov.bc.ca/pub/fidq/downloadBathymetricMap.do?filename=00321601.PDF
00803COMX,https://a100.gov.bc.ca/pub/fidq/downloadBathymetricMap.do?filename=00189101.PDF
00803FIRE,https://a100.gov.bc.ca/pub/fidq/downloadBathymetricMap.do?filename=00318701.PDF
00803LILL,https://a100.gov.bc.ca/pub/fidq/downloadBathymetricMap.do?filename=00119101.PDF
00803SALM,https://a100.gov.bc.ca/pub/fidq/downloadBathymetricMap.do?filename=00062501.PDF
00804LKEC,https://a100.gov.bc.ca/pub/fidq/downloadBathymetricMap.do?filename=00227001.PDF
00804UEUT,https://a100.gov.bc.ca/pub/fidq/downloadBathymetricMap.do?filename=00209301.PDF
00805PINE,https://a100.gov.bc.ca/pub/fidq/downloadBathymetricMap.do?filename=00158801.PDF
00805SIML,https://a100.gov.bc.ca/pub/fidq/downloadBathymetricMap.do?filename=00123101.PDF|https://a100.gov.bc.ca/pub/fidq/downloadBathymetricMap.do?filename=00293801.PDF
00805USHU,https://a100.gov.bc.ca/pub/fidq/downloadBathymetricMap.do?filename=00261701.PDF
00806LFRA,https://a100.gov.bc.ca/pub/fidq/downloadBathymetricMap.do?filename=00053501.PDF
00808KHOR,https://a100.gov.bc.ca/pub/fidq/downloadBathymetricMap.do?filename=00064901.PDF
00808LNAR,https://a100.gov.bc.ca/pub/fidq/downloadBathymetricMap.do?filename=00242801.PDF
00809KISP,https://a100.gov.bc.ca/pub/fidq/downloadBathymetricMap.do?filename=00177201.PDF|https://a100.gov.bc.ca/pub/fidq/downloadBathymetricMap.do?filename=00177202.PDF
00809ZYMO,https://a100.gov.bc.ca/pub/fidq/downloadBathymetricMap.do?filename=00193801.PDF|https://a100.gov.bc.ca/pub/fidq/downloadBathymetricMap.do?filename=00193802.PDF
00810NASR,https://a100.gov.bc.ca/pub/fidq/downloadBathymetricMap.do?filename=00286501.PDF|https://a100.gov.bc.ca/pub/fidq/downloadBathymetricMap.do?filename=00286502.PDF|https://a100.gov.bc.ca/pub/fidq/downloadBathymetricMap.do?filename=00286503.PDF|https://a100.gov.bc.ca/pub/fidq/downloadBathymetricMap.do?filename=00286504.PDF
00811TURN,https://a100.gov.bc.ca/pub/fidq/downloadBathymetricMap.do?filename=00201701.PDF
00815COMX,https://a100.gov.bc.ca/pub/fidq/downloadBathymetricMap.do?filename=00277201.PDF
00815LFRA,https://a100.gov.bc.ca/pub/fidq/downloadBathymetricMap.do?filename=00097501.PDF
00818SIML,https://a100.gov.bc.ca/pub/fidq/downloadBathymetricMap.do?filename=00192001.PDF
00819LCHL,https://a100.gov.bc.ca/pub/fidq/downloadBathymetricMap.do?filename=00294501.PDF|https://a100.gov.bc.ca/pub/fidq/downloadBathymetricMap.do?filename=00294502.PDF
00819LILL,https://a100.gov.bc.ca/pub/fidq/downloadBathymetricMap.do?filename=00303501.PDF
00820PINE,https://a100.gov.bc.ca/pub/fidq/downloadBathymetricMap.do?filename=00156501.PDF
00821PARA,https://a100.gov.bc.ca/pub/fidq/downloadBathymetricMap.do?filename=00355001.PDF|https://a100.gov.bc.ca/pub/fidq/downloadBathymetricMap.do?filename=00311501.PDF
00822CLAY,https://a100.gov.bc.ca/pub/fidq/downloadBathymetricMap.do?filename=00201901.PDF
00822COMX,https://a100.gov.bc.ca/pub/fidq/downloadBathymetricMap.do?filename=00255901.PDF
00822LILL,https://a100.gov.bc.ca/pub/fidq/downloadBathymetricMap.do?filename=00179201.PDF
00822UFRA,https://a100.gov.bc.ca/pub/fidq/downloadBathymetricMap.do?filename=00175201.PDF
00825UNRS,https://a100.gov.bc.ca/pub/fidq/downloadBathymetricMap.do?filename=00209701.PDF
00827UFRA,https://a100.gov.bc.ca/pub/fidq/downloadBathymetricMap.do?filename=00090601.PDF
00828FINA,https://a100.gov.bc.ca/pub/fidq/downloadBathymetricMap.do?filename=00158701.PDF
00828MURR,https://a100.gov.bc.ca/pub/fidq/downloadBathymetricMap.do?filename=00184001.PDF
00828PARS,https://a100.gov.bc.ca/pub/fidq/downloadBathymetricMap.do?filename=00062701.PDF
00829UFRA,https://a100.gov.bc.ca/pub/fidq/downloadBathymetricMap.do?filename=00090501.PDF
00831CHES,https://a100.gov.bc.ca/pub/fidq/downloadBathymetricMap.do?filename=00232701.PDF
00831COLR,https://a100.gov.bc.ca/pub/fidq/downloadBathymetricMap.do?filename=00223201.PDF
00833SMAR,https://a100.gov.bc.ca/pub/fidq/downloadBathymetricMap.do?filename=00255801.PDF
00837LNTH,https://a100.gov.bc.ca/pub/fidq/downloadBathymetricMap.do?filename=00124001.PDF
00838CHES,https://a100.gov.bc.ca/pub/fidq/downloadBathymetricMap.do?filename=00143001.PDF
00839LFRA,https://a100.gov.bc.ca/pub/fidq/downloadBathymetricMap.do?filename=00223301.PDF|https://a100.gov.bc.ca/pub/fidq/downloadBathymetricMap.do?filename=00272001.PDF
00839MFRA,https://a100.gov.bc.ca/pub/fidq/downloadBathymetricMap.do?filename=00123601.PDF
00840SAJR,https://a100.gov.bc.ca/pub/fidq/downloadBathymetricMap.do?filename=00152901.PDF
00841MORK,https://a100.gov.bc.ca/pub/fidq/downloadBathymetricMap.do?filename=00264501.PDF
00843ATNA,https://a100.gov.bc.ca/pub/fidq/downloadBathymetricMap.do?filename=00314101.PDF
00843MURT,https://a100.gov.bc.ca/pub/fidq/downloadBathymetricMap.do?filename=00281001.PDF
00846BRID,https://a100.gov.bc.ca/pub/fidq/downloadBathymetricMap.do?filename=00191801.PDF
00846DEAD,https://a100.gov.bc.ca/pub/fidq/downloadBathymetricMap.do?filename=00202201.PDF
00847MFRA,https://a100.gov.bc.ca/pub/fidq/downloadBathymetricMap.do?filename=00296301.PDF
00848STHM,https://a100.gov.bc.ca/pub/fidq/downloadBathymetricMap.do?filename=00266501.PDF
00848UARL,https://a100.gov.bc.ca/pub/fidq/downloadBathymetricMap.do?filename=00022201.PDF
00849MAHD,https://a100.gov.bc.ca/pub/fidq/downloadBathymetricMap.do?filename=00133401.PDF
00849TWAC,https://a100.gov.bc.ca/pub/fidq/downloadBathymetricMap.do?filename=00017801.PDF|https://a100.gov.bc.ca/pub/fidq/downloadBathymetricMap.do?filename=00064401.PDF
00850OKAN,https://a100.gov.bc.ca/pub/fidq/downloadBathymetricMap.do?filename=00308201.PDF
00850STHM,https://a100.gov.bc.ca/pub/fidq/downloadBathymetricMap.do?filename=00065601.PDF
00850UNRS,https://a100.gov.bc.ca/pub/fidq/downloadBathymetricMap.do?filename=00160101.PDF
00851TASR,https://a100.gov.bc.ca/pub/fidq/downloadBathymetricMap.do?filename=00020501.PDF
00853MORK,https://a100.gov.bc.ca/pub/fidq/downloadBathymetricMap.do?filename=00264501.PDF
00853USHU,https://a100.gov.bc.ca/pub/fidq/downloadBathymetricMap.do?filename=00141801.PDF
00854DEAD,https://a100.gov.bc.ca/pub/fidq/downloadBathymetricMap.do?filename=00052101.PDF
00856ADMS,https://a100.gov.bc.ca/pub/fidq/downloadBathymetricMap.do?filename=00335301.PDF
00860SETN,https://a100.gov.bc.ca/pub/fidq/downloadBathymetricMap.do?filename=00040601.PDF
00861COTR,https://a100.gov.bc.ca/pub/fidq/downloadBathymetricMap.do?filename=00098301.PDF
00862LNRS,https://a100.gov.bc.ca/pub/fidq/downloadBathymetricMap.do?filename=00224801.PDF
00862LNTH,https://a100.gov.bc.ca/pub/fidq/downloadBathymetricMap.do?filename=00124001.PDF
00864TURN,https://a100.gov.bc.ca/pub/fidq/downloadBathymetricMap.do?filename=00162701.PDF
00865SALM,https://a100.gov.bc.ca/pub/fidq/downloadBathymetricMap.do?filename=00122201.PDF
00867OKAN,https://a100.gov.bc.ca/pub/fidq/downloadBathymetricMap.do?filename=00205301.PDF
00868KETL,https://a100.gov.bc.ca/pub/fidq/downloadBathymetricMap.do?filename=00049101.PDF
00870KISP,https://a100.gov.bc.ca/pub/fidq/downloadBathymetricMap.do?filename=00279101.PDF
00871KISK,https://a100.gov.bc.ca/pub/fidq/downloadBathymetricMap.do?filename=00013001.PDF
00871MAHD,https://a100.gov.bc.ca/pub/fidq/downloadBathymetricMap.do?filename=00207401.PDF
00872BRID,https://a100.gov.bc.ca/pub/fidq/downloadBathymetricMap.do?filename=00174701.PDF
00873CRKD,https://a100.gov.bc.ca/pub/fidq/downloadBathymetricMap.do?filename=00249101.PDF
00875SWIR,https://a100.gov.bc.ca/pub/fidq/downloadBathymetricMap.do?filename=00293501.PDF|https://a100.gov.bc.ca/pub/fidq/downloadBathymetricMap.do?filename=00293502.PDF
00876PARA,https://a100.gov.bc.ca/pub/fidq/downloadBathymetricMap.do?filename=00348301.PDF
00877SIML,https://a100.gov.bc.ca/pub/fidq/downloadBathymetricMap.do?filename=00128201.PDF
00877STHM,https://a100.gov.bc.ca/pub/fidq/downloadBathymetricMap.do?filename=00266601.PDF
00878KETL,https://a100.gov.bc.ca/pub/fidq/downloadBathymetricMap.do?filename=00176201.PDF
00881CHIR,https://a100.gov.bc.ca/pub/fidq/downloadBathymetricMap.do?filename=00177001.PDF
00884KETL,https://a100.gov.bc.ca/pub/fidq/downloadBathymetricMap.do?filename=00031901.PDF
00885WORC,https://a100.gov.bc.ca/pub/fidq/downloadBathymetricMap.do?filename=00205401.PDF
00886KISP,https://a100.gov.bc.ca/pub/fidq/downloadBathymetricMap.do?filename=00145801.PDF
00887CHIR,https://a100.gov.bc.ca/pub/fidq/downloadBathymetricMap.do?filename=00129001.PDF
00887LFRA,https://a100.gov.bc.ca/pub/fidq/downloadBathymetricMap.do?filename=00257701.PDF
00888USIK,https://a100.gov.bc.ca/pub/fidq/downloadBathymetricMap.do?filename=00181001.PDF
00891LSAL,https://a100.gov.bc.ca/pub/fidq/downloadBathymetricMap.do?filename=00238201.PDF
00892USHU,https://a100.gov.bc.ca/pub/fidq/downloadBathymetricMap.do?filename=00245801.PDF|https://a100.gov.bc.ca/pub/fidq/downloadBathymetricMap.do?filename=00245601.PDF|https://a100.gov.bc.ca/pub/fidq/downloadBathymetricMap.do?filename=00245701.PDF
00894TAKL,https://a100.gov.bc.ca/pub/fidq/downloadBathymetricMap.do?filename=00258201.PDF
00896FIRE,https://a100.gov.bc.ca/pub/fidq/downloadBathymetricMap.do?filename=00243401.PDF
00896GRNL,https://a100.gov.bc.ca/pub/fidq/downloadBathymetricMap.do?filename=00221301.PDF
00896STHM,https://a100.gov.bc.ca/pub/fidq/downloadBathymetricMap.do?filename=00065601.PDF|https://a100.gov.bc.ca/pub/fidq/downloadBathymetricMap.do?filename=00340201.PDF
00897LSAL,https://a100.gov.bc.ca/pub/fidq/downloadBathymetricMap.do?filename=00145401.PDF
00897ZYMO,https://a100.gov.bc.ca/pub/fidq/downloadBathymetricMap.do?filename=00215201.PDF|https://a100.gov.bc.ca/pub/fidq/downloadBathymetricMap.do?filename=00215202.PDF
00898ALBN,https://a100.gov.bc.ca/pub/fidq/downloadBathymetricMap.do?filename=00169801.PDF
00899CHES,https://a100.gov.bc.ca/pub/fidq/downloadBathymetricMap.do?filename=00121301.PDF
00900LSKE,https://a100.gov.bc.ca/pub/fidq/downloadBathymetricMap.do?filename=00155901.PDF
00900STHM,https://a100.gov.bc.ca/pub/fidq/downloadBathymetricMap.do?filename=00269701.PDF
00901LNIC,https://a100.gov.bc.ca/pub/fidq/downloadBathymetricMap.do?filename=00040501.PDF
00901LNTH,https://a100.gov.bc.ca/pub/fidq/downloadBathymetricMap.do?filename=00188901.PDF|https://a100.gov.bc.ca/pub/fidq/downloadBathymetricMap.do?filename=00345701.PDF
00903BRID,https://a100.gov.bc.ca/pub/fidq/downloadBathymetricMap.do?filename=00015001.PDF
00903MORK,https://a100.gov.bc.ca/pub/fidq/downloadBathymetricMap.do?filename=00272201.PDF
00903TESR,https://a100.gov.bc.ca/pub/fidq/downloadBathymetricMap.do?filename=00278501.PDF
00904MUSK,https://a100.gov.bc.ca/pub/fidq/downloadBathymetricMap.do?filename=00084801.PDF
00907SALM,https://a100.gov.bc.ca/pub/fidq/downloadBathymetricMap.do?filename=00084501.PDF
00908BOWR,https://a100.gov.bc.ca/pub/fidq/downloadBathymetricMap.do?filename=00273701.PDF
00910BRID,https://a100.gov.bc.ca/pub/fidq/downloadBathymetricMap.do?filename=00290901.PDF
00911FINA,https://a100.gov.bc.ca/pub/fidq/downloadBathymetricMap.do?filename=00239901.PDF
00912GRNL,https://a100.gov.bc.ca/pub/fidq/downloadBathymetricMap.do?filename=00017501.PDF
00912LNIC,https://a100.gov.bc.ca/pub/fidq/downloadBathymetricMap.do?filename=00122501.PDF
00913CHES,https://a100.gov.bc.ca/pub/fidq/downloadBathymetricMap.do?filename=00231601.PDF
00914FRAN,https://a100.gov.bc.ca/pub/fidq/downloadBathymetricMap.do?filename=00071701.PDF
00918SUST,https://a100.gov.bc.ca/pub/fidq/downloadBathymetricMap.do?filename=00285701.PDF|https://a100.gov.bc.ca/pub/fidq/downloadBathymetricMap.do?filename=00285702.PDF|https://a100.gov.bc.ca/pub/fidq/downloadBathymetricMap.do?filename=00285703.PDF
00919NARC,https://a100.gov.bc.ca/pub/fidq/downloadBathymetricMap.do?filename=00113501.PDF
00920NECR,https://a100.gov.bc.ca/pub/fidq/downloadBathymetricMap.do?filename=00190301.PDF
00921LSKE,https://a100.gov.bc.ca/pub/fidq/downloadBathymetricMap.do?filename=00245901.PDF
00922LCHL,https://a100.gov.bc.ca/pub/fidq/downloadBathymetricMap.do?filename=00048901.PDF
00923ALBN,https://a100.gov.bc.ca/pub/fidq/downloadBathymetricMap.do?filename=00055001.PDF
00927FINA,https://a100.gov.bc.ca/pub/fidq/downloadBathymetricMap.do?filename=00321001.PDF|https://a100.gov.bc.ca/pub/fidq/downloadBathymetricMap.do?filename=00321101.PDF
00929LOMI,https://a100.gov.bc.ca/pub/fidq/downloadBathymetricMap.do?filename=00292101.PDF|https://a100.gov.bc.ca/pub/fidq/downloadBathymetricMap.do?filename=00292102.PDF
00934MFRA,https://a100.gov.bc.ca/pub/fidq/downloadBathymetricMap.do?filename=00248201.PDF|https://a100.gov.bc.ca/pub/fidq/downloadBathymetricMap.do?filename=00062301.PDF
00936CRKD,https://a100.gov.bc.ca/pub/fidq/downloadBathymetricMap.do?filename=00152701.PDF
00936TAKL,https://a100.gov.bc.ca/pub/fidq/downloadBathymetricMap.do?filename=00244501.PDF
00937BOWR,https://a100.gov.bc.ca/pub/fidq/downloadBathymetricMap.do?filename=00279401.PDF
00937BRID,https://a100.gov.bc.ca/pub/fidq/downloadBathymetricMap.do?filename=00205101.PDF
00938KLIN,https://a100.gov.bc.ca/pub/fidq/downloadBathymetricMap.do?filename=00187601.PDF
00938MURR,https://a100.gov.bc.ca/pub/fidq/downloadBathymetricMap.do?filename=00178501.PDF
00939CHES,https://a100.gov.bc.ca/pub/fidq/downloadBathymetricMap.do?filename=00240701.PDF
00939KETL,https://a100.gov.bc.ca/pub/fidq/downloadBathymetricMap.do?filename=00044801.PDF
00941CHIL,https://a100.gov.bc.ca/pub/fidq/downloadBathymetricMap.do?filename=00270801.PDF
00941LTRE,https://a100.gov.bc.ca/pub/fidq/downloadBathymetricMap.do?filename=00135701.PDF
00943SQAM,https://a100.gov.bc.ca/pub/fidq/downloadBathymetricMap.do?filename=00240101.PDF|https://a100.gov.bc.ca/pub/fidq/downloadBathymetricMap.do?filename=00098001.PDF
00945LCHL,https://a100.gov.bc.ca/pub/fidq/downloadBathymetricMap.do?filename=00192501.PDF|https://a100.gov.bc.ca/pub/fidq/downloadBathymetricMap.do?filename=00192502.PDF
00947BOWR,https://a100.gov.bc.ca/pub/fidq/downloadBathymetricMap.do?filename=00233501.PDF
00947CHES,https://a100.gov.bc.ca/pub/fidq/downloadBathymetricMap.do?filename=00271101.PDF
00948FIRE,https://a100.gov.bc.ca/pub/fidq/downloadBathymetricMap.do?filename=00213701.PDF
00949ATNA,https://a100.gov.bc.ca/pub/fidq/downloadBathymetricMap.do?filename=00155301.PDF
00951TOBA,https://a100.gov.bc.ca/pub/fidq/downloadBathymetricMap.do?filename=00274101.PDF
00952MSTR,https://a100.gov.bc.ca/pub/fidq/downloadBathymetricMap.do?filename=00047101.PDF
00953OKAN,https://a100.gov.bc.ca/pub/fidq/downloadBathymetricMap.do?filename=00073201.PDF
00953STHM,https://a100.gov.bc.ca/pub/fidq/downloadBathymetricMap.do?filename=00006401.PDF|https://a100.gov.bc.ca/pub/fidq/downloadBathymetricMap.do?filename=00274401.PDF
00954UEUT,https://a100.gov.bc.ca/pub/fidq/downloadBathymetricMap.do?filename=00289701.PDF|https://a100.gov.bc.ca/pub/fidq/downloadBathymetricMap.do?filename=00289702.PDF
00955TOBA,https://a100.gov.bc.ca/pub/fidq/downloadBathymetricMap.do?filename=00206501.PDF
00956USHU,https://a100.gov.bc.ca/pub/fidq/downloadBathymetricMap.do?filename=00129301.PDF
00957BBAR,https://a100.gov.bc.ca/pub/fidq/downloadBathymetricMap.do?filename=00021001.PDF
00960BRID,https://a100.gov.bc.ca/pub/fidq/downloadBathymetricMap.do?filename=00318601.PDF
00960CHES,https://a100.gov.bc.ca/pub/fidq/downloadBathymetricMap.do?filename=00271101.PDF
00960NARC,https://a100.gov.bc.ca/pub/fidq/downloadBathymetricMap.do?filename=00247601.PDF
00964BULK,https://a100.gov.bc.ca/pub/fidq/downloadBathymetricMap.do?filename=00185701.PDF
00964MUSK,https://a100.gov.bc.ca/pub/fidq/downloadBathymetricMap.do?filename=00197101.PDF
00964SEYM,https://a100.gov.bc.ca/pub/fidq/downloadBathymetricMap.do?filename=00310501.PDF|https://a100.gov.bc.ca/pub/fidq/downloadBathymetricMap.do?filename=00310502.PDF|https://a100.gov.bc.ca/pub/fidq/downloadBathymetricMap.do?filename=00310503.PDF|https://a100.gov.bc.ca/pub/fidq/downloadBathymetricMap.do?filename=00310504.PDF
00965LNTH,https://a100.gov.bc.ca/pub/fidq/downloadBathymetricMap.do?filename=00306801.PDF|https://a100.gov.bc.ca/pub/fidq/downloadBathymetricMap.do?filename=00350301.PDF
00966UTRE,https://a100.gov.bc.ca/pub/fidq/downloadBathymetricMap.do?filename=00203401.PDF
00967CLWR,https://a100.gov.bc.ca/pub/fidq/downloadBathymetricMap.do?filename=00201801.PDF
00967USHU,https://a100.gov.bc.ca/pub/fidq/downloadBathymetricMap.do?filename=00226801.PDF
00968CHES,https://a100.gov.bc.ca/pub/fidq/downloadBathymetricMap.do?filename=00149201.PDF
00968LDEN,https://a100.gov.bc.ca/pub/fidq/downloadBathymetricMap.do?filename=00273401.PDF
00970BRID,https://a100.gov.bc.ca/pub/fidq/downloadBathymetricMap.do?filename=00318601.PDF
00972MORK,https://a100.gov.bc.ca/pub/fidq/downloadBathymetricMap.do?filename=00032401.PDF
00972OKAN,https://a100.gov.bc.ca/pub/fidq/downloadBathymetricMap.do?filename=00073101.PDF
00974SQAM,https://a100.gov.bc.ca/pub/fidq/downloadBathymetricMap.do?filename=00240001.PDF
00975KISK,https://a100.gov.bc.ca/pub/fidq/downloadBathymetricMap.do?filename=00127101.PDF
00975UPCE,https://a100.gov.bc.ca/pub/fidq/downloadBathymetricMap.do?filename=00233101.PDF
00976MORK,https://a100.gov.bc.ca/pub/fidq/downloadBathymetricMap.do?filename=00092401.PDF
00976SETN,https://a100.gov.bc.ca/pub/fidq/downloadBathymetricMap.do?filename=00243101.PDF
00977KISP,https://a100.gov.bc.ca/pub/fidq/downloadBathymetricMap.do?filename=00091401.PDF
00977LCHL,https://a100.gov.bc.ca/pub/fidq/downloadBathymetricMap.do?filename=00081901.PDF
00979BRID,https://a100.gov.bc.ca/pub/fidq/downloadBathymetricMap.do?filename=00318601.PDF
00979USHU,https://a100.gov.bc.ca/pub/fidq/downloadBathymetricMap.do?filename=00242901.PDF
00981CHIL,https://a100.gov.bc.ca/pub/fidq/downloadBathymetricMap.do?filename=00283101.PDF
00981NARC,https://a100.gov.bc.ca/pub/fidq/downloadBathymetricMap.do?filename=00225001.PDF|https://a100.gov.bc.ca/pub/fidq/downloadBathymetricMap.do?filename=00225002.PDF
00981SMAR,https://a100.gov.bc.ca/pub/fidq/downloadBathymetricMap.do?filename=00305501.PDF
00982CRKD,https://a100.gov.bc.ca/pub/fidq/downloadBathymetricMap.do?filename=00035001.PDF|https://a100.gov.bc.ca/pub/fidq/downloadBathymetricMap.do?filename=00307801.PDF|https://a100.gov.bc.ca/pub/fidq/downloadBathymetricMap.do?filename=00072501.PDF
00982SQAM,https://a100.gov.bc.ca/pub/fidq/downloadBathymetricMap.do?filename=00274801.PDF|https://a100.gov.bc.ca/pub/fidq/downloadBathymetricMap.do?filename=00204301.PDF
00983COTR,https://a100.gov.bc.ca/pub/fidq/downloadBathymetricMap.do?filename=00081501.PDF
00983FRAN,https://a100.gov.bc.ca/pub/fidq/downloadBathymetricMap.do?filename=00057001.PDF
00983LILL,https://a100.gov.bc.ca/pub/fidq/downloadBathymetricMap.do?filename=00252101.PDF
00983SUST,https://a100.gov.bc.ca/pub/fidq/downloadBathymetricMap.do?filename=00229001.PDF
00984BULK,https://a100.gov.bc.ca/pub/fidq/downloadBathymetricMap.do?filename=00188501.PDF
00986MSTR,https://a100.gov.bc.ca/pub/fidq/downloadBathymetricMap.do?filename=00232801.PDF
00988FINA,https://a100.gov.bc.ca/pub/fidq/downloadBathymetricMap.do?filename=00219901.PDF
00989GRNL,https://a100.gov.bc.ca/pub/fidq/downloadBathymetricMap.do?filename=00051701.PDF
00992NASR,https://a100.gov.bc.ca/pub/fidq/downloadBathymetricMap.do?filename=00191001.PDF
00995PARS,https://a100.gov.bc.ca/pub/fidq/downloadBathymetricMap.do?filename=00173401.PDF
00996LCHR,https://a100.gov.bc.ca/pub/fidq/downloadBathymetricMap.do?filename=00325301.PDF
00996MURR,https://a100.gov.bc.ca/pub/fidq/downloadBathymetricMap.do?filename=00164201.PDF
00999SMOK,https://a100.gov.bc.ca/pub/fidq/downloadBathymetricMap.do?filename=00241801.PDF
01001HORS,https://a100.gov.bc.ca/pub/fidq/downloadBathymetricMap.do?filename=00239701.PDF
01003LNIC,https://a100.gov.bc.ca/pub/fidq/downloadBathymetricMap.do?filename=00047901.PDF
01005COMX,https://a100.gov.bc.ca/pub/fidq/downloadBathymetricMap.do?filename=00096401.PDF|https://a100.gov.bc.ca/pub/fidq/downloadBathymetricMap.do?filename=00338001.PDF|https://a100.gov.bc.ca/pub/fidq/downloadBathymetricMap.do?filename=00338002.PDF
01005FIRE,https://a100.gov.bc.ca/pub/fidq/downloadBathymetricMap.do?filename=00172001.PDF|https://a100.gov.bc.ca/pub/fidq/downloadBathymetricMap.do?filename=00172002.PDF
01005HORS,https://a100.gov.bc.ca/pub/fidq/downloadBathymetricMap.do?filename=00114301.PDF
01006NASC,https://a100.gov.bc.ca/pub/fidq/downloadBathymetricMap.do?filename=00273101.PDF
01006STUL,https://a100.gov.bc.ca/pub/fidq/downloadBathymetricMap.do?filename=00222901.PDF
01008MAHD,https://a100.gov.bc.ca/pub/fidq/downloadBathymetricMap.do?filename=00284601.PDF
01008USHU,https://a100.gov.bc.ca/pub/fidq/downloadBathymetricMap.do?filename=00037401.PDF
01009MUSK,https://a100.gov.bc.ca/pub/fidq/downloadBathymetricMap.do?filename=00218501.PDF
01013NECR,https://a100.gov.bc.ca/pub/fidq/downloadBathymetricMap.do?filename=00056001.PDF
01014BOWR,https://a100.gov.bc.ca/pub/fidq/downloadBathymetricMap.do?filename=00145701.PDF
01014KOTL,https://a100.gov.bc.ca/pub/fidq/downloadBathymetricMap.do?filename=00114601.PDF|https://a100.gov.bc.ca/pub/fidq/downloadBathymetricMap.do?filename=00233401.PDF
01015FINA,https://a100.gov.bc.ca/pub/fidq/downloadBathymetricMap.do?filename=00180601.PDF
01015LSAL,https://a100.gov.bc.ca/pub/fidq/downloadBathymetricMap.do?filename=00265501.PDF
01016GRNL,https://a100.gov.bc.ca/pub/fidq/downloadBathymetricMap.do?filename=00117301.PDF
01017LDEN,https://a100.gov.bc.ca/pub/fidq/downloadBathymetricMap.do?filename=00215901.PDF
01017WILL,https://a100.gov.bc.ca/pub/fidq/downloadBathymetricMap.do?filename=00127201.PDF
01018KOTL,https://a100.gov.bc.ca/pub/fidq/downloadBathymetricMap.do?filename=00153301.PDF
01019COMX,https://a100.gov.bc.ca/pub/fidq/downloadBathymetricMap.do?filename=00121801.PDF
01021NECR,https://a100.gov.bc.ca/pub/fidq/downloadBathymetricMap.do?filename=00205201.PDF
01022MURR,https://a100.gov.bc.ca/pub/fidq/downloadBathymetricMap.do?filename=00218801.PDF
01024SAJR,https://a100.gov.bc.ca/pub/fidq/downloadBathymetricMap.do?filename=00200401.PDF
01025LCHL,https://a100.gov.bc.ca/pub/fidq/downloadBathymetricMap.do?filename=00137401.PDF
01025LNAR,https://a100.gov.bc.ca/pub/fidq/downloadBathymetricMap.do?filename=00177401.PDF
01034KETL,https://a100.gov.bc.ca/pub/fidq/downloadBathymetricMap.do?filename=00078401.PDF
01034LILL,https://a100.gov.bc.ca/pub/fidq/downloadBathymetricMap.do?filename=00248601.PDF
01034UDEN,https://a100.gov.bc.ca/pub/fidq/downloadBathymetricMap.do?filename=00006101.PDF
01036WILL,https://a100.gov.bc.ca/pub/fidq/downloadBathymetricMap.do?filename=00206401.PDF
01037LNIC,https://a100.gov.bc.ca/pub/fidq/downloadBathymetricMap.do?filename=00047901.PDF
01040OKAN,https://a100.gov.bc.ca/pub/fidq/downloadBathymetricMap.do?filename=00040801.PDF
01040PARA,https://a100.gov.bc.ca/pub/fidq/downloadBathymetricMap.do?filename=00101201.PDF
01041SHUL,https://a100.gov.bc.ca/pub/fidq/downloadBathymetricMap.do?filename=00325001.PDF
01041STUL,https://a100.gov.bc.ca/pub/fidq/downloadBathymetricMap.do?filename=00166901.PDF
01042CARP,https://a100.gov.bc.ca/pub/fidq/downloadBathymetricMap.do?filename=00100501.PDF
01044CRKD,https://a100.gov.bc.ca/pub/fidq/downloadBathymetricMap.do?filename=00054901.PDF
01044SMAR,https://a100.gov.bc.ca/pub/fidq/downloadBathymetricMap.do?filename=00208801.PDF
01045UEUT,https://a100.gov.bc.ca/pub/fidq/downloadBathymetricMap.do?filename=00222101.PDF
01046LNIC,https://a100.gov.bc.ca/pub/fidq/downloadBathymetricMap.do?filename=00341201.PDF|https://a100.gov.bc.ca/pub/fidq/downloadBathymetricMap.do?filename=00276901.PDF
01053LNIC,https://a100.gov.bc.ca/pub/fidq/downloadBathymetricMap.do?filename=00276901.PDF
01054PARA,https://a100.gov.bc.ca/pub/fidq/downloadBathymetricMap.do?filename=00168501.PDF
01055FRAN,https://a100.gov.bc.ca/pub/fidq/downloadBathymetricMap.do?filename=00053201.PDF
01055MAHD,https://a100.gov.bc.ca/pub/fidq/downloadBathymetricMap.do?filename=00196801.PDF
01056BOWR,https://a100.gov.bc.ca/pub/fidq/downloadBathymetricMap.do?filename=00108901.PDF
01058ATNA,https://a100.gov.bc.ca/pub/fidq/downloadBathymetricMap.do?filename=00177901.PDF
01058PARA,https://a100.gov.bc.ca/pub/fidq/downloadBathymetricMap.do?filename=00028301.PDF
01061BOWR,https://a100.gov.bc.ca/pub/fidq/downloadBathymetricMap.do?filename=00215301.PDF|https://a100.gov.bc.ca/pub/fidq/downloadBathymetricMap.do?filename=00215302.PDF
01061NAZR,https://a100.gov.bc.ca/pub/fidq/downloadBathymetricMap.do?filename=00231701.PDF
01061SMOK,https://a100.gov.bc.ca/pub/fidq/downloadBathymetricMap.do?filename=00126101.PDF
01063FRAN,https://a100.gov.bc.ca/pub/fidq/downloadBathymetricMap.do?filename=00036401.PDF
01063LIAR,https://a100.gov.bc.ca/pub/fidq/downloadBathymetricMap.do?filename=00249401.PDF
01063TURN,https://a100.gov.bc.ca/pub/fidq/downloadBathymetricMap.do?filename=00175501.PDF
01067CARP,https://a100.gov.bc.ca/pub/fidq/downloadBathymetricMap.do?filename=00100601.PDF
01067KETL,https://a100.gov.bc.ca/pub/fidq/downloadBathymetricMap.do?filename=00266401.PDF
01068BRID,https://a100.gov.bc.ca/pub/fidq/downloadBathymetricMap.do?filename=00324101.PDF|https://a100.gov.bc.ca/pub/fidq/downloadBathymetricMap.do?filename=00221501.PDF
01071MAHD,https://a100.gov.bc.ca/pub/fidq/downloadBathymetricMap.do?filename=00196501.PDF
01071MFRA,https://a100.gov.bc.ca/pub/fidq/downloadBathymetricMap.do?filename=00048001.PDF|https://a100.gov.bc.ca/pub/fidq/downloadBathymetricMap.do?filename=00237301.PDF
01072TWAC,https://a100.gov.bc.ca/pub/fidq/downloadBathymetricMap.do?filename=00116001.PDF
01073TURN,https://a100.gov.bc.ca/pub/fidq/downloadBathymetricMap.do?filename=00060101.PDF
01075CARP,https://a100.gov.bc.ca/pub/fidq/downloadBathymetricMap.do?filename=00283801.PDF
01075OKAN,https://a100.gov.bc.ca/pub/fidq/downloadBathymetricMap.do?filename=00060501.PDF
01076ATNA,https://a100.gov.bc.ca/pub/fidq/downloadBathymetricMap.do?filename=00217901.PDF
01076BRID,https://a100.gov.bc.ca/pub/fidq/downloadBathymetricMap.do?filename=00075901.PDF
01076LNTH,https://a100.gov.bc.ca/pub/fidq/downloadBathymetricMap.do?filename=00066901.PDF
01078LCHL,https://a100.gov.bc.ca/pub/fidq/downloadBathymetricMap.do?filename=00017901.PDF
01079MAHD,https://a100.gov.bc.ca/pub/fidq/downloadBathymetricMap.do?filename=00110301.PDF
01080LNTH,https://a100.gov.bc.ca/pub/fidq/downloadBathymetricMap.do?filename=00227601.PDF
01081KETL,https://a100.gov.bc.ca/pub/fidq/downloadBathymetricMap.do?filename=00267801.PDF
01081LNTH,https://a100.gov.bc.ca/pub/fidq/downloadBathymetricMap.do?filename=00068601.PDF
01081OKAN,https://a100.gov.bc.ca/pub/fidq/downloadBathymetricMap.do?filename=00167501.PDF
01083BONP,https://a100.gov.bc.ca/pub/fidq/downloadBathymetricMap.do?filename=00178201.PDF
01083LNIC,https://a100.gov.bc.ca/pub/fidq/downloadBathymetricMap.do?filename=00276001.PDF
01085SIML,https://a100.gov.bc.ca/pub/fidq/downloadBathymetricMap.do?filename=00299001.PDF
01086WILL,https://a100.gov.bc.ca/pub/fidq/downloadBathymetricMap.do?filename=00143401.PDF
01087BRID,https://a100.gov.bc.ca/pub/fidq/downloadBathymetricMap.do?filename=00116101.PDF
01088ALBN,https://a100.gov.bc.ca/pub/fidq/downloadBathymetricMap.do?filename=00092701.PDF
01088LIAR,https://a100.gov.bc.ca/pub/fidq/downloadBathymetricMap.do?filename=00179501.PDF
01088LNIC,https://a100.gov.bc.ca/pub/fidq/downloadBathymetricMap.do?filename=00276001.PDF
01089BRID,https://a100.gov.bc.ca/pub/fidq/downloadBathymetricMap.do?filename=00173301.PDF
01091NECR,https://a100.gov.bc.ca/pub/fidq/downloadBathymetricMap.do?filename=00351201.PDF|https://a100.gov.bc.ca/pub/fidq/downloadBathymetricMap.do?filename=00016001.PDF
01091SIML,https://a100.gov.bc.ca/pub/fidq/downloadBathymetricMap.do?filename=00299001.PDF
01093LFRA,https://a100.gov.bc.ca/pub/fidq/downloadBathymetricMap.do?filename=00041401.PDF
01093LNTH,https://a100.gov.bc.ca/pub/fidq/downloadBathymetricMap.do?filename=00344101.PDF
01093TASR,https://a100.gov.bc.ca/pub/fidq/downloadBathymetricMap.do?filename=00248901.PDF
01095SHUL,https://a100.gov.bc.ca/pub/fidq/downloadBathymetricMap.do?filename=00335201.PDF
01096LFRA,https://a100.gov.bc.ca/pub/fidq/downloadBathymetricMap.do?filename=00125101.PDF|https://a100.gov.bc.ca/pub/fidq/downloadBathymetricMap.do?filename=00125001.PDF
01097LNIC,https://a100.gov.bc.ca/pub/fidq/downloadBathymetricMap.do?filename=00060601.PDF|https://a100.gov.bc.ca/pub/fidq/downloadBathymetricMap.do?filename=00037301.PDF|https://a100.gov.bc.ca/pub/fidq/downloadBathymetricMap.do?filename=00072201.PDF
01097NASR,https://a100.gov.bc.ca/pub/fidq/downloadBathymetricMap.do?filename=00193201.PDF
01097WILL,https://a100.gov.bc.ca/pub/fidq/downloadBathymetricMap.do?filename=00207701.PDF
01098BRID,https://a100.gov.bc.ca/pub/fidq/downloadBathymetricMap.do?filename=00280701.PDF
01098GRNL,https://a100.gov.bc.ca/pub/fidq/downloadBathymetricMap.do?filename=00111901.PDF
01099NATR,https://a100.gov.bc.ca/pub/fidq/downloadBathymetricMap.do?filename=00196401.PDF
01099SHUL,https://a100.gov.bc.ca/pub/fidq/downloadBathymetricMap.do?filename=00335101.PDF
01101LNTH,https://a100.gov.bc.ca/pub/fidq/downloadBathymetricMap.do?filename=00343801.PDF
01102STUL,https://a100.gov.bc.ca/pub/fidq/downloadBathymetricMap.do?filename=00160301.PDF
01104BRID,https://a100.gov.bc.ca/pub/fidq/downloadBathymetricMap.do?filename=00280701.PDF
01105BOWR,https://a100.gov.bc.ca/pub/fidq/downloadBathymetricMap.do?filename=00048301.PDF
01105HORS,https://a100.gov.bc.ca/pub/fidq/downloadBathymetricMap.do?filename=00007501.PDF
01105KETL,https://a100.gov.bc.ca/pub/fidq/downloadBathymetricMap.do?filename=00044801.PDF
01105MAHD,https://a100.gov.bc.ca/pub/fidq/downloadBathymetricMap.do?filename=00005901.PDF|https://a100.gov.bc.ca/pub/fidq/downloadBathymetricMap.do?filename=00005902.PDF
01105SMAR,https://a100.gov.bc.ca/pub/fidq/downloadBathymetricMap.do?filename=00079101.PDF
01106GRNL,https://a100.gov.bc.ca/pub/fidq/downloadBathymetricMap.do?filename=00292701.PDF|https://a100.gov.bc.ca/pub/fidq/downloadBathymetricMap.do?filename=00292702.PDF|https://a100.gov.bc.ca/pub/fidq/downloadBathymetricMap.do?filename=00292703.PDF
01107CRKD,https://a100.gov.bc.ca/pub/fidq/downloadBathymetricMap.do?filename=00035001.PDF|https://a100.gov.bc.ca/pub/fidq/downloadBathymetricMap.do?filename=00226401.PDF
01107JERV,https://a100.gov.bc.ca/pub/fidq/downloadBathymetricMap.do?filename=00070701.PDF
01107UISR,https://a100.gov.bc.ca/pub/fidq/downloadBathymetricMap.do?filename=00289301.PDF|https://a100.gov.bc.ca/pub/fidq/downloadBathymetricMap.do?filename=00289302.PDF
01109BABR,https://a100.gov.bc.ca/pub/fidq/downloadBathymetricMap.do?filename=00310001.PDF|https://a100.gov.bc.ca/pub/fidq/downloadBathymetricMap.do?filename=00310002.PDF
01109UPCE,https://a100.gov.bc.ca/pub/fidq/downloadBathymetricMap.do?filename=00130601.PDF
01109WORC,https://a100.gov.bc.ca/pub/fidq/downloadBathymetricMap.do?filename=00295701.PDF
01112LNIC,https://a100.gov.bc.ca/pub/fidq/downloadBathymetricMap.do?filename=00060601.PDF
01112SIML,https://a100.gov.bc.ca/pub/fidq/downloadBathymetricMap.do?filename=00275601.PDF|https://a100.gov.bc.ca/pub/fidq/downloadBathymetricMap.do?filename=00275701.PDF
01116LNTH,https://a100.gov.bc.ca/pub/fidq/downloadBathymetricMap.do?filename=00345601.PDF
01118TWAC,https://a100.gov.bc.ca/pub/fidq/downloadBathymetricMap.do?filename=00110401.PDF
01119UOMI,https://a100.gov.bc.ca/pub/fidq/downloadBathymetricMap.do?filename=00302501.PDF
01120LNIC,https://a100.gov.bc.ca/pub/fidq/downloadBathymetricMap.do?filename=00060601.PDF
01120LNTH,https://a100.gov.bc.ca/pub/fidq/downloadBathymetricMap.do?filename=00347201.PDF
01121FIRE,https://a100.gov.bc.ca/pub/fidq/downloadBathymetricMap.do?filename=00111001.PDF
01122LSAL,https://a100.gov.bc.ca/pub/fidq/downloadBathymetricMap.do?filename=00287201.PDF|https://a100.gov.bc.ca/pub/fidq/downloadBathymetricMap.do?filename=00287202.PDF
01123LEUT,https://a100.gov.bc.ca/pub/fidq/downloadBathymetricMap.do?filename=00286001.PDF|https://a100.gov.bc.ca/pub/fidq/downloadBathymetricMap.do?filename=00286002.PDF
01124CARP,https://a100.gov.bc.ca/pub/fidq/downloadBathymetricMap.do?filename=00325101.PDF
01124GRNL,https://a100.gov.bc.ca/pub/fidq/downloadBathymetricMap.do?filename=00284301.PDF
01125MAHD,https://a100.gov.bc.ca/pub/fidq/downloadBathymetricMap.do?filename=00292201.PDF
01126LKEC,https://a100.gov.bc.ca/pub/fidq/downloadBathymetricMap.do?filename=00127001.PDF
01126UOMI,https://a100.gov.bc.ca/pub/fidq/downloadBathymetricMap.do?filename=00302501.PDF
01126UPCE,https://a100.gov.bc.ca/pub/fidq/downloadBathymetricMap.do?filename=00179701.PDF
01127LKEC,https://a100.gov.bc.ca/pub/fidq/downloadBathymetricMap.do?filename=00213901.PDF
01128ALBN,https://a100.gov.bc.ca/pub/fidq/downloadBathymetricMap.do?filename=00215801.PDF|https://a100.gov.bc.ca/pub/fidq/downloadBathymetricMap.do?filename=00215802.PDF|https://a100.gov.bc.ca/pub/fidq/downloadBathymetricMap.do?filename=00215803.PDF
01129WORC,https://a100.gov.bc.ca/pub/fidq/downloadBathymetricMap.do?filename=00283701.PDF
01131PARA,https://a100.gov.bc.ca/pub/fidq/downloadBathymetricMap.do?filename=00253501.PDF
01131UPCE,https://a100.gov.bc.ca/pub/fidq/downloadBathymetricMap.do?filename=00127401.PDF
01133KETL,https://a100.gov.bc.ca/pub/fidq/downloadBathymetricMap.do?filename=00174301.PDF
01133LNTH,https://a100.gov.bc.ca/pub/fidq/downloadBathymetricMap.do?filename=00337101.PDF
01134CHIL,https://a100.gov.bc.ca/pub/fidq/downloadBathymetricMap.do?filename=00169401.PDF
01134EUCH,https://a100.gov.bc.ca/pub/fidq/downloadBathymetricMap.do?filename=00176101.PDF
01134LNTH,https://a100.gov.bc.ca/pub/fidq/downloadBathymetricMap.do?filename=00347601.PDF
01134SIML,https://a100.gov.bc.ca/pub/fidq/downloadBathymetricMap.do?filename=00290501.PDF
01136UPCE,https://a100.gov.bc.ca/pub/fidq/downloadBathymetricMap.do?filename=00018601.PDF
01137NICL,https://a100.gov.bc.ca/pub/fidq/downloadBathymetricMap.do?filename=00036201.PDF
01138BOWR,https://a100.gov.bc.ca/pub/fidq/downloadBathymetricMap.do?filename=00215301.PDF|https://a100.gov.bc.ca/pub/fidq/downloadBathymetricMap.do?filename=00215302.PDF|https://a100.gov.bc.ca/pub/fidq/downloadBathymetricMap.do?filename=00318501.PDF
01138LNTH,https://a100.gov.bc.ca/pub/fidq/downloadBathymetricMap.do?filename=00347301.PDF
01139LNTH,https://a100.gov.bc.ca/pub/fidq/downloadBathymetricMap.do?filename=00348101.PDF
01140OKAN,https://a100.gov.bc.ca/pub/fidq/downloadBathymetricMap.do?filename=00052701.PDF|https://a100.gov.bc.ca/pub/fidq/downloadBathymetricMap.do?filename=00128001.PDF
01141CLAY,https://a100.gov.bc.ca/pub/fidq/downloadBathymetricMap.do?filename=00024801.PDF
01141TOOD,https://a100.gov.bc.ca/pub/fidq/downloadBathymetricMap.do?filename=00222001.PDF|https://a100.gov.bc.ca/pub/fidq/downloadBathymetricMap.do?filename=00222002.PDF
01144LCHL,https://a100.gov.bc.ca/pub/fidq/downloadBathymetricMap.do?filename=00168901.PDF
01149COAL,https://a100.gov.bc.ca/pub/fidq/downloadBathymetricMap.do?filename=00193001.PDF|https://a100.gov.bc.ca/pub/fidq/downloadBathymetricMap.do?filename=00193002.PDF
01152LNTH,https://a100.gov.bc.ca/pub/fidq/downloadBathymetricMap.do?filename=00347701.PDF
01152NATR,https://a100.gov.bc.ca/pub/fidq/downloadBathymetricMap.do?filename=00121001.PDF
01152TASR,https://a100.gov.bc.ca/pub/fidq/downloadBathymetricMap.do?filename=00317101.PDF
01153JERV,https://a100.gov.bc.ca/pub/fidq/downloadBathymetricMap.do?filename=00090901.PDF
01153USTK,https://a100.gov.bc.ca/pub/fidq/downloadBathymetricMap.do?filename=00312101.PDF
01154LCHL,https://a100.gov.bc.ca/pub/fidq/downloadBathymetricMap.do?filename=00061301.PDF
01154LNTH,https://a100.gov.bc.ca/pub/fidq/downloadBathymetricMap.do?filename=00347401.PDF
01156NICL,https://a100.gov.bc.ca/pub/fidq/downloadBathymetricMap.do?filename=00138101.PDF|https://a100.gov.bc.ca/pub/fidq/downloadBathymetricMap.do?filename=00313001.PDF
01158NATR,https://a100.gov.bc.ca/pub/fidq/downloadBathymetricMap.do?filename=00287401.PDF|https://a100.gov.bc.ca/pub/fidq/downloadBathymetricMap.do?filename=00287402.PDF|https://a100.gov.bc.ca/pub/fidq/downloadBathymetricMap.do?filename=00287403.PDF
01161ALBN,https://a100.gov.bc.ca/pub/fidq/downloadBathymetricMap.do?filename=00354201.PDF
01162COTR,https://a100.gov.bc.ca/pub/fidq/downloadBathymetricMap.do?filename=00052901.PDF
01162LCHL,https://a100.gov.bc.ca/pub/fidq/downloadBathymetricMap.do?filename=00158001.PDF
01162PARS,https://a100.gov.bc.ca/pub/fidq/downloadBathymetricMap.do?filename=00108601.PDF|https://a100.gov.bc.ca/pub/fidq/downloadBathymetricMap.do?filename=00228701.PDF
01163CHES,https://a100.gov.bc.ca/pub/fidq/downloadBathymetricMap.do?filename=00271001.PDF
01164UEUT,https://a100.gov.bc.ca/pub/fidq/downloadBathymetricMap.do?filename=00187201.PDF
01165CHIL,https://a100.gov.bc.ca/pub/fidq/downloadBathymetricMap.do?filename=00209901.PDF
01165NASR,https://a100.gov.bc.ca/pub/fidq/downloadBathymetricMap.do?filename=00033101.PDF
01170LNAR,https://a100.gov.bc.ca/pub/fidq/downloadBathymetricMap.do?filename=00268701.PDF
01170SMAR,https://a100.gov.bc.ca/pub/fidq/downloadBathymetricMap.do?filename=00042501.PDF|https://a100.gov.bc.ca/pub/fidq/downloadBathymetricMap.do?filename=00137701.PDF
01171BBAR,https://a100.gov.bc.ca/pub/fidq/downloadBathymetricMap.do?filename=00194401.PDF
01171OKAN,https://a100.gov.bc.ca/pub/fidq/downloadBathymetricMap.do?filename=00066201.PDF
01172NECR,https://a100.gov.bc.ca/pub/fidq/downloadBathymetricMap.do?filename=00210201.PDF
01173ATNA,https://a100.gov.bc.ca/pub/fidq/downloadBathymetricMap.do?filename=00301601.PDF|https://a100.gov.bc.ca/pub/fidq/downloadBathymetricMap.do?filename=00301602.PDF
01175NASR,https://a100.gov.bc.ca/pub/fidq/downloadBathymetricMap.do?filename=00276501.PDF
01177LNAR,https://a100.gov.bc.ca/pub/fidq/downloadBathymetricMap.do?filename=00268701.PDF
01180WORC,https://a100.gov.bc.ca/pub/fidq/downloadBathymetricMap.do?filename=00282101.PDF
01182FINA,https://a100.gov.bc.ca/pub/fidq/downloadBathymetricMap.do?filename=00165701.PDF
01183COTR,https://a100.gov.bc.ca/pub/fidq/downloadBathymetricMap.do?filename=00147401.PDF|https://a100.gov.bc.ca/pub/fidq/downloadBathymetricMap.do?filename=00153401.PDF
01184SMOK,https://a100.gov.bc.ca/pub/fidq/downloadBathymetricMap.do?filename=00277801.PDF
01185CHES,https://a100.gov.bc.ca/pub/fidq/downloadBathymetricMap.do?filename=00024601.PDF
01185CHIL,https://a100.gov.bc.ca/pub/fidq/downloadBathymetricMap.do?filename=00032901.PDF
01187TURN,https://a100.gov.bc.ca/pub/fidq/downloadBathymetricMap.do?filename=00314001.PDF
01192COTR,https://a100.gov.bc.ca/pub/fidq/downloadBathymetricMap.do?filename=00233201.PDF
01193EUCL,https://a100.gov.bc.ca/pub/fidq/downloadBathymetricMap.do?filename=00259801.PDF
01194CHIL,https://a100.gov.bc.ca/pub/fidq/downloadBathymetricMap.do?filename=00257501.PDF
01197OKAN,https://a100.gov.bc.ca/pub/fidq/downloadBathymetricMap.do?filename=00260701.PDF
01200ATNA,https://a100.gov.bc.ca/pub/fidq/downloadBathymetricMap.do?filename=00320201.PDF
01200SMAR,https://a100.gov.bc.ca/pub/fidq/downloadBathymetricMap.do?filename=00042501.PDF
01200SMOK,https://a100.gov.bc.ca/pub/fidq/downloadBathymetricMap.do?filename=00109001.PDF
01201OKAN,https://a100.gov.bc.ca/pub/fidq/downloadBathymetricMap.do?filename=00309101.PDF|https://a100.gov.bc.ca/pub/fidq/downloadBathymetricMap.do?filename=00304601.PDF
01202NATR,https://a100.gov.bc.ca/pub/fidq/downloadBathymetricMap.do?filename=00068001.PDF
01202SIML,https://a100.gov.bc.ca/pub/fidq/downloadBathymetricMap.do?filename=00176001.PDF|https://a100.gov.bc.ca/pub/fidq/downloadBathymetricMap.do?filename=00175901.PDF
01203BONP,https://a100.gov.bc.ca/pub/fidq/downloadBathymetricMap.do?filename=00263201.PDF
01204KETL,https://a100.gov.bc.ca/pub/fidq/downloadBathymetricMap.do?filename=00301101.PDF|https://a100.gov.bc.ca/pub/fidq/downloadBathymetricMap.do?filename=00105701.PDF
01204LSAL,https://a100.gov.bc.ca/pub/fidq/downloadBathymetricMap.do?filename=00146501.PDF
01206BOWR,https://a100.gov.bc.ca/pub/fidq/downloadBathymetricMap.do?filename=00172601.PDF
01206KETL,https://a100.gov.bc.ca/pub/fidq/downloadBathymetricMap.do?filename=00287301.PDF|https://a100.gov.bc.ca/pub/fidq/downloadBathymetricMap.do?filename=00237501.PDF|https://a100.gov.bc.ca/pub/fidq/downloadBathymetricMap.do?filename=00287302.PDF|https://a100.gov.bc.ca/pub/fidq/downloadBathymetricMap.do?filename=00287303.PDF
01206TWAC,https://a100.gov.bc.ca/pub/fidq/downloadBathymetricMap.do?filename=00325901.PDF
01208OKAN,https://a100.gov.bc.ca/pub/fidq/downloadBathymetricMap.do?filename=00309101.PDF|https://a100.gov.bc.ca/pub/fidq/downloadBathymetricMap.do?filename=00304601.PDF
01208SAJR,https://a100.gov.bc.ca/pub/fidq/downloadBathymetricMap.do?filename=00285001.PDF
01210CHES,https://a100.gov.bc.ca/pub/fidq/downloadBathymetricMap.do?filename=00037101.PDF
01210CHIL,https://a100.gov.bc.ca/pub/fidq/downloadBathymetricMap.do?filename=00112601.PDF
01210UDEN,https://a100.gov.bc.ca/pub/fidq/downloadBathymetricMap.do?filename=00137801.PDF
01211COTR,https://a100.gov.bc.ca/pub/fidq/downloadBathymetricMap.do?filename=00307101.PDF
01212COMX,https://a100.gov.bc.ca/pub/fidq/downloadBathymetricMap.do?filename=00114801.PDF
01213KETL,https://a100.gov.bc.ca/pub/fidq/downloadBathymetricMap.do?filename=00306301.PDF
01214LKEC,https://a100.gov.bc.ca/pub/fidq/downloadBathymetricMap.do?filename=00231501.PDF
01214LSAL,https://a100.gov.bc.ca/pub/fidq/downloadBathymetricMap.do?filename=00146501.PDF
01214SMOK,https://a100.gov.bc.ca/pub/fidq/downloadBathymetricMap.do?filename=00305601.PDF
01216COTR,https://a100.gov.bc.ca/pub/fidq/downloadBathymetricMap.do?filename=00175001.PDF
01218ATNA,https://a100.gov.bc.ca/pub/fidq/downloadBathymetricMap.do?filename=00320201.PDF
01219WORC,https://a100.gov.bc.ca/pub/fidq/downloadBathymetricMap.do?filename=00133701.PDF
01221KETL,https://a100.gov.bc.ca/pub/fidq/downloadBathymetricMap.do?filename=00084601.PDF|https://a100.gov.bc.ca/pub/fidq/downloadBathymetricMap.do?filename=00276401.PDF
01222TWAC,https://a100.gov.bc.ca/pub/fidq/downloadBathymetricMap.do?filename=00118601.PDF
01223ATNA,https://a100.gov.bc.ca/pub/fidq/downloadBathymetricMap.do?filename=00178901.PDF
01224COTR,https://a100.gov.bc.ca/pub/fidq/downloadBathymetricMap.do?filename=00124901.PDF
01226ALBN,https://a100.gov.bc.ca/pub/fidq/downloadBathymetricMap.do?filename=00106801.PDF
01228SMAR,https://a100.gov.bc.ca/pub/fidq/downloadBathymetricMap.do?filename=00129201.PDF
01230LSAL,https://a100.gov.bc.ca/pub/fidq/downloadBathymetricMap.do?filename=00142201.PDF
01232BABL,https://a100.gov.bc.ca/pub/fidq/downloadBathymetricMap.do?filename=00111301.PDF
01232SAJR,https://a100.gov.bc.ca/pub/fidq/downloadBathymetricMap.do?filename=00064101.PDF
01233STUL,https://a100.gov.bc.ca/pub/fidq/downloadBathymetricMap.do?filename=00165501.PDF
01237LSAL,https://a100.gov.bc.ca/pub/fidq/downloadBathymetricMap.do?filename=00267601.PDF
01238LIAR,https://a100.gov.bc.ca/pub/fidq/downloadBathymetricMap.do?filename=00179001.PDF|https://a100.gov.bc.ca/pub/fidq/downloadBathymetricMap.do?filename=00179002.PDF|https://a100.gov.bc.ca/pub/fidq/downloadBathymetricMap.do?filename=00179003.PDF
01240ATNA,https://a100.gov.bc.ca/pub/fidq/downloadBathymetricMap.do?filename=00277401.PDF
01240KETL,https://a100.gov.bc.ca/pub/fidq/downloadBathymetricMap.do?filename=00260301.PDF
01240STUR,https://a100.gov.bc.ca/pub/fidq/downloadBathymetricMap.do?filename=00023101.PDF
01241LCHL,https://a100.gov.bc.ca/pub/fidq/downloadBathymetricMap.do?filename=00266801.PDF
01241STUR,https://a100.gov.bc.ca/pub/fidq/downloadBathymetricMap.do?filename=00087401.PDF
01243COMX,https://a100.gov.bc.ca/pub/fidq/downloadBathymetricMap.do?filename=00174201.PDF
01244COMX,https://a100.gov.bc.ca/pub/fidq/downloadBathymetricMap.do?filename=00050801.PDF
01245FRAN,https://a100.gov.bc.ca/pub/fidq/downloadBathymetricMap.do?filename=00261301.PDF
01245GRAI,https://a100.gov.bc.ca/pub/fidq/downloadBathymetricMap.do?filename=00180701.PDF
01248COMX,https://a100.gov.bc.ca/pub/fidq/downloadBathymetricMap.do?filename=00064201.PDF
01248KETL,https://a100.gov.bc.ca/pub/fidq/downloadBathymetricMap.do?filename=00173901.PDF|https://a100.gov.bc.ca/pub/fidq/downloadBathymetricMap.do?filename=00174001.PDF
01248MORR,https://a100.gov.bc.ca/pub/fidq/downloadBathymetricMap.do?filename=00192201.PDF
01249CLAY,https://a100.gov.bc.ca/pub/fidq/downloadBathymetricMap.do?filename=00093901.PDF
01250BULK,https://a100.gov.bc.ca/pub/fidq/downloadBathymetricMap.do?filename=00077001.PDF
01250LCHL,https://a100.gov.bc.ca/pub/fidq/downloadBathymetricMap.do?filename=00266701.PDF
01250LSAL,https://a100.gov.bc.ca/pub/fidq/downloadBathymetricMap.do?filename=00128101.PDF|https://a100.gov.bc.ca/pub/fidq/downloadBathymetricMap.do?filename=00186801.PDF
01250MURT,https://a100.gov.bc.ca/pub/fidq/downloadBathymetricMap.do?filename=00318901.PDF
01251ATNA,https://a100.gov.bc.ca/pub/fidq/downloadBathymetricMap.do?filename=00223401.PDF
01252LSAL,https://a100.gov.bc.ca/pub/fidq/downloadBathymetricMap.do?filename=00267601.PDF
01252MAHD,https://a100.gov.bc.ca/pub/fidq/downloadBathymetricMap.do?filename=00088401.PDF
01252STUR,https://a100.gov.bc.ca/pub/fidq/downloadBathymetricMap.do?filename=00023001.PDF
01254COMX,https://a100.gov.bc.ca/pub/fidq/downloadBathymetricMap.do?filename=00129501.PDF
01254LSAL,https://a100.gov.bc.ca/pub/fidq/downloadBathymetricMap.do?filename=00190201.PDF
01255EUCL,https://a100.gov.bc.ca/pub/fidq/downloadBathymetricMap.do?filename=00020001.PDF
01255TASR,https://a100.gov.bc.ca/pub/fidq/downloadBathymetricMap.do?filename=00211101.PDF
01256MAHD,https://a100.gov.bc.ca/pub/fidq/downloadBathymetricMap.do?filename=00164801.PDF
01258CHIL,https://a100.gov.bc.ca/pub/fidq/downloadBathymetricMap.do?filename=00133201.PDF
01259ATNA,https://a100.gov.bc.ca/pub/fidq/downloadBathymetricMap.do?filename=00213301.PDF
01259MAHD,https://a100.gov.bc.ca/pub/fidq/downloadBathymetricMap.do?filename=00297001.PDF
01260ATNA,https://a100.gov.bc.ca/pub/fidq/downloadBathymetricMap.do?filename=00279501.PDF
01262COTR,https://a100.gov.bc.ca/pub/fidq/downloadBathymetricMap.do?filename=00089501.PDF
01262STUR,https://a100.gov.bc.ca/pub/fidq/downloadBathymetricMap.do?filename=00114701.PDF
01265CLAY,https://a100.gov.bc.ca/pub/fidq/downloadBathymetricMap.do?filename=00168701.PDF
01267FIRE,https://a100.gov.bc.ca/pub/fidq/downloadBathymetricMap.do?filename=00220501.PDF|https://a100.gov.bc.ca/pub/fidq/downloadBathymetricMap.do?filename=00220502.PDF
01272FRAN,https://a100.gov.bc.ca/pub/fidq/downloadBathymetricMap.do?filename=00290701.PDF
01274EUCL,https://a100.gov.bc.ca/pub/fidq/downloadBathymetricMap.do?filename=00167101.PDF
01275CLAY,https://a100.gov.bc.ca/pub/fidq/downloadBathymetricMap.do?filename=00019501.PDF
01277MURT,https://a100.gov.bc.ca/pub/fidq/downloadBathymetricMap.do?filename=00159101.PDF
01278ALBN,https://a100.gov.bc.ca/pub/fidq/downloadBathymetricMap.do?filename=00068801.PDF
01278WORC,https://a100.gov.bc.ca/pub/fidq/downloadBathymetricMap.do?filename=00196001.PDF|https://a100.gov.bc.ca/pub/fidq/downloadBathymetricMap.do?filename=00200801.PDF|https://a100.gov.bc.ca/pub/fidq/downloadBathymetricMap.do?filename=00200802.PDF
01279FIRE,https://a100.gov.bc.ca/pub/fidq/downloadBathymetricMap.do?filename=00216701.PDF
01279SAJR,https://a100.gov.bc.ca/pub/fidq/downloadBathymetricMap.do?filename=00232501.PDF
01279WILL,https://a100.gov.bc.ca/pub/fidq/downloadBathymetricMap.do?filename=00116601.PDF
01280BULK,https://a100.gov.bc.ca/pub/fidq/downloadBathymetricMap.do?filename=00075501.PDF
01280SMAR,https://a100.gov.bc.ca/pub/fidq/downloadBathymetricMap.do?filename=00084701.PDF
01283WILL,https://a100.gov.bc.ca/pub/fidq/downloadBathymetricMap.do?filename=00116601.PDF
01285QUES,https://a100.gov.bc.ca/pub/fidq/downloadBathymetricMap.do?filename=00195901.PDF
01286STUR,https://a100.gov.bc.ca/pub/fidq/downloadBathymetricMap.do?filename=00354901.PDF|https://a100.gov.bc.ca/pub/fidq/downloadBathymetricMap.do?filename=00235101.PDF
01286TASR,https://a100.gov.bc.ca/pub/fidq/downloadBathymetricMap.do?filename=00283001.PDF
01288MORR,https://a100.gov.bc.ca/pub/fidq/downloadBathymetricMap.do?filename=00238901.PDF
01289WILL,https://a100.gov.bc.ca/pub/fidq/downloadBathymetricMap.do?filename=00051601.PDF
01291ATNA,https://a100.gov.bc.ca/pub/fidq/downloadBathymetricMap.do?filename=00200601.PDF
01294MURT,https://a100.gov.bc.ca/pub/fidq/downloadBathymetricMap.do?filename=00290601.PDF
01296ATNA,https://a100.gov.bc.ca/pub/fidq/downloadBathymetricMap.do?filename=00228401.PDF
01296STHM,https://a100.gov.bc.ca/pub/fidq/downloadBathymetricMap.do?filename=00203801.PDF
01297HORS,https://a100.gov.bc.ca/pub/fidq/downloadBathymetricMap.do?filename=00294001.PDF
01298FRAN,https://a100.gov.bc.ca/pub/fidq/downloadBathymetricMap.do?filename=00064801.PDF
01302BULK,https://a100.gov.bc.ca/pub/fidq/downloadBathymetricMap.do?filename=00323501.PDF
01302NATR,https://a100.gov.bc.ca/pub/fidq/downloadBathymetricMap.do?filename=00164901.PDF
01303MAHD,https://a100.gov.bc.ca/pub/fidq/downloadBathymetricMap.do?filename=00085001.PDF
01304FRAN,https://a100.gov.bc.ca/pub/fidq/downloadBathymetricMap.do?filename=00211301.PDF
01304NATR,https://a100.gov.bc.ca/pub/fidq/downloadBathymetricMap.do?filename=00210801.PDF
01305LNTH,https://a100.gov.bc.ca/pub/fidq/downloadBathymetricMap.do?filename=00019701.PDF
01312STUL,https://a100.gov.bc.ca/pub/fidq/downloadBathymetricMap.do?filename=00235901.PDF
01314MDEA,https://a100.gov.bc.ca/pub/fidq/downloadBathymetricMap.do?filename=00062901.PDF
01317CRKD,https://a100.gov.bc.ca/pub/fidq/downloadBathymetricMap.do?filename=00032101.PDF
01317NICL,https://a100.gov.bc.ca/pub/fidq/downloadBathymetricMap.do?filename=00226201.PDF|https://a100.gov.bc.ca/pub/fidq/downloadBathymetricMap.do?filename=00050001.PDF
01320WORC,https://a100.gov.bc.ca/pub/fidq/downloadBathymetricMap.do?filename=00201601.PDF|https://a100.gov.bc.ca/pub/fidq/downloadBathymetricMap.do?filename=00141101.PDF|https://a100.gov.bc.ca/pub/fidq/downloadBathymetricMap.do?filename=00201602.PDF
01321BULK,https://a100.gov.bc.ca/pub/fidq/downloadBathymetricMap.do?filename=00075401.PDF|https://a100.gov.bc.ca/pub/fidq/downloadBathymetricMap.do?filename=00075501.PDF
01323TASR,https://a100.gov.bc.ca/pub/fidq/downloadBathymetricMap.do?filename=00218101.PDF
01324NATR,https://a100.gov.bc.ca/pub/fidq/downloadBathymetricMap.do?filename=00285101.PDF|https://a100.gov.bc.ca/pub/fidq/downloadBathymetricMap.do?filename=00285102.PDF
01324SAJR,https://a100.gov.bc.ca/pub/fidq/downloadBathymetricMap.do?filename=00082601.PDF
01327CRKD,https://a100.gov.bc.ca/pub/fidq/downloadBathymetricMap.do?filename=00188801.PDF
01329GRAI,https://a100.gov.bc.ca/pub/fidq/downloadBathymetricMap.do?filename=00246101.PDF
01329LNIC,https://a100.gov.bc.ca/pub/fidq/downloadBathymetricMap.do?filename=00345901.PDF
01330LSAL,https://a100.gov.bc.ca/pub/fidq/downloadBathymetricMap.do?filename=00059801.PDF|https://a100.gov.bc.ca/pub/fidq/downloadBathymetricMap.do?filename=00017701.PDF
01331MURT,https://a100.gov.bc.ca/pub/fidq/downloadBathymetricMap.do?filename=00159201.PDF
01336CRKD,https://a100.gov.bc.ca/pub/fidq/downloadBathymetricMap.do?filename=00157501.PDF
01338ALBN,https://a100.gov.bc.ca/pub/fidq/downloadBathymetricMap.do?filename=00192401.PDF
01338LDEN,https://a100.gov.bc.ca/pub/fidq/downloadBathymetricMap.do?filename=00319501.PDF
01342CRKD,https://a100.gov.bc.ca/pub/fidq/downloadBathymetricMap.do?filename=00114001.PDF
01347WORC,https://a100.gov.bc.ca/pub/fidq/downloadBathymetricMap.do?filename=00302001.PDF|https://a100.gov.bc.ca/pub/fidq/downloadBathymetricMap.do?filename=00302002.PDF
01349MAHD,https://a100.gov.bc.ca/pub/fidq/downloadBathymetricMap.do?filename=00155801.PDF
01352LSAL,https://a100.gov.bc.ca/pub/fidq/downloadBathymetricMap.do?filename=00038401.PDF
01353LCHL,https://a100.gov.bc.ca/pub/fidq/downloadBathymetricMap.do?filename=00109701.PDF
01353NATR,https://a100.gov.bc.ca/pub/fidq/downloadBathymetricMap.do?filename=00214501.PDF
01360EUCL,https://a100.gov.bc.ca/pub/fidq/downloadBathymetricMap.do?filename=00238401.PDF
01361GRAI,https://a100.gov.bc.ca/pub/fidq/downloadBathymetricMap.do?filename=00203301.PDF
01364TASR,https://a100.gov.bc.ca/pub/fidq/downloadBathymetricMap.do?filename=00249001.PDF
01367OKAN,https://a100.gov.bc.ca/pub/fidq/downloadBathymetricMap.do?filename=00149801.PDF|https://a100.gov.bc.ca/pub/fidq/downloadBathymetricMap.do?filename=00322601.PDF|https://a100.gov.bc.ca/pub/fidq/downloadBathymetricMap.do?filename=00149802.PDF|https://a100.gov.bc.ca/pub/fidq/downloadBathymetricMap.do?filename=00149803.PDF
01371BULK,https://a100.gov.bc.ca/pub/fidq/downloadBathymetricMap.do?filename=00220101.PDF|https://a100.gov.bc.ca/pub/fidq/downloadBathymetricMap.do?filename=00320101.PDF
01378BULK,https://a100.gov.bc.ca/pub/fidq/downloadBathymetricMap.do?filename=00156701.PDF
01378CRKD,https://a100.gov.bc.ca/pub/fidq/downloadBathymetricMap.do?filename=00161601.PDF
01380MORR,https://a100.gov.bc.ca/pub/fidq/downloadBathymetricMap.do?filename=00185001.PDF|https://a100.gov.bc.ca/pub/fidq/downloadBathymetricMap.do?filename=00185002.PDF
01381MAHD,https://a100.gov.bc.ca/pub/fidq/downloadBathymetricMap.do?filename=00048501.PDF
01385CRKD,https://a100.gov.bc.ca/pub/fidq/downloadBathymetricMap.do?filename=00156201.PDF
01385SAJR,https://a100.gov.bc.ca/pub/fidq/downloadBathymetricMap.do?filename=00229501.PDF
01386ATNA,https://a100.gov.bc.ca/pub/fidq/downloadBathymetricMap.do?filename=00246501.PDF
01387FRAN,https://a100.gov.bc.ca/pub/fidq/downloadBathymetricMap.do?filename=00183901.PDF
01388EUCL,https://a100.gov.bc.ca/pub/fidq/downloadBathymetricMap.do?filename=00257801.PDF
01390HORS,https://a100.gov.bc.ca/pub/fidq/downloadBathymetricMap.do?filename=00313501.PDF
01391CRKD,https://a100.gov.bc.ca/pub/fidq/downloadBathymetricMap.do?filename=00027401.PDF
01391NATR,https://a100.gov.bc.ca/pub/fidq/downloadBathymetricMap.do?filename=00172401.PDF
01391SAJR,https://a100.gov.bc.ca/pub/fidq/downloadBathymetricMap.do?filename=00093601.PDF
01398MAHD,https://a100.gov.bc.ca/pub/fidq/downloadBathymetricMap.do?filename=00261801.PDF
01401MAHD,https://a100.gov.bc.ca/pub/fidq/downloadBathymetricMap.do?filename=00202501.PDF
01406STUR,https://a100.gov.bc.ca/pub/fidq/downloadBathymetricMap.do?filename=00355101.PDF
01409LNTH,https://a100.gov.bc.ca/pub/fidq/downloadBathymetricMap.do?filename=00331601.PDF|https://a100.gov.bc.ca/pub/fidq/downloadBathymetricMap.do?filename=00270401.PDF
01410STUR,https://a100.gov.bc.ca/pub/fidq/downloadBathymetricMap.do?filename=00204401.PDF
01411BABL,https://a100.gov.bc.ca/pub/fidq/downloadBathymetricMap.do?filename=00069801.PDF
01411CRKD,https://a100.gov.bc.ca/pub/fidq/downloadBathymetricMap.do?filename=00063301.PDF
01414BULK,https://a100.gov.bc.ca/pub/fidq/downloadBathymetricMap.do?filename=00243201.PDF|https://a100.gov.bc.ca/pub/fidq/downloadBathymetricMap.do?filename=00320101.PDF
01415BULK,https://a100.gov.bc.ca/pub/fidq/downloadBathymetricMap.do?filename=00184201.PDF
01415SAJR,https://a100.gov.bc.ca/pub/fidq/downloadBathymetricMap.do?filename=00294601.PDF|https://a100.gov.bc.ca/pub/fidq/downloadBathymetricMap.do?filename=00294602.PDF|https://a100.gov.bc.ca/pub/fidq/downloadBathymetricMap.do?filename=00008501.PDF
01417OKAN,https://a100.gov.bc.ca/pub/fidq/downloadBathymetricMap.do?filename=00108001.PDF
01418STUR,https://a100.gov.bc.ca/pub/fidq/downloadBathymetricMap.do?filename=00313801.PDF
01418USTK,https://a100.gov.bc.ca/pub/fidq/downloadBathymetricMap.do?filename=00263501.PDF
01419LNRS,https://a100.gov.bc.ca/pub/fidq/downloadBathymetricMap.do?filename=00211401.PDF
01420HORS,https://a100.gov.bc.ca/pub/fidq/downloadBathymetricMap.do?filename=00252801.PDF
01420MUSK,https://a100.gov.bc.ca/pub/fidq/downloadBathymetricMap.do?filename=00160901.PDF
01422QUES,https://a100.gov.bc.ca/pub/fidq/downloadBathymetricMap.do?filename=00103701.PDF
01428STUR,https://a100.gov.bc.ca/pub/fidq/downloadBathymetricMap.do?filename=00237901.PDF
01435SAJR,https://a100.gov.bc.ca/pub/fidq/downloadBathymetricMap.do?filename=00212701.PDF
01436LDEN,https://a100.gov.bc.ca/pub/fidq/downloadBathymetricMap.do?filename=00319501.PDF
01436STUR,https://a100.gov.bc.ca/pub/fidq/downloadBathymetricMap.do?filename=00355201.PDF|https://a100.gov.bc.ca/pub/fidq/downloadBathymetricMap.do?filename=00171201.PDF
01438NATR,https://a100.gov.bc.ca/pub/fidq/downloadBathymetricMap.do?filename=00305901.PDF
01441NICL,https://a100.gov.bc.ca/pub/fidq/downloadBathymetricMap.do?filename=00239101.PDF|https://a100.gov.bc.ca/pub/fidq/downloadBathymetricMap.do?filename=00051201.PDF
01443USTK,https://a100.gov.bc.ca/pub/fidq/downloadBathymetricMap.do?filename=00217301.PDF
01443WILL,https://a100.gov.bc.ca/pub/fidq/downloadBathymetricMap.do?filename=00083501.PDF
01445NICL,https://a100.gov.bc.ca/pub/fidq/downloadBathymetricMap.do?filename=00257601.PDF
01446MAHD,https://a100.gov.bc.ca/pub/fidq/downloadBathymetricMap.do?filename=00216001.PDF
01447MAHD,https://a100.gov.bc.ca/pub/fidq/downloadBathymetricMap.do?filename=00286901.PDF|https://a100.gov.bc.ca/pub/fidq/downloadBathymetricMap.do?filename=00235301.PDF|https://a100.gov.bc.ca/pub/fidq/downloadBathymetricMap.do?filename=00286902.PDF
01449GRNL,https://a100.gov.bc.ca/pub/fidq/downloadBathymetricMap.do?filename=00276601.PDF
01451SAJR,https://a100.gov.bc.ca/pub/fidq/downloadBathymetricMap.do?filename=00221701.PDF
01454COTR,https://a100.gov.bc.ca/pub/fidq/downloadBathymetricMap.do?filename=00231001.PDF
01457NARC,https://a100.gov.bc.ca/pub/fidq/downloadBathymetricMap.do?filename=00151101.PDF
01457SEYM,https://a100.gov.bc.ca/pub/fidq/downloadBathymetricMap.do?filename=00029401.PDF
01466BABL,https://a100.gov.bc.ca/pub/fidq/downloadBathymetricMap.do?filename=00053301.PDF
01470COTR,https://a100.gov.bc.ca/pub/fidq/downloadBathymetricMap.do?filename=00142901.PDF
01470SEYM,https://a100.gov.bc.ca/pub/fidq/downloadBathymetricMap.do?filename=00225601.PDF|https://a100.gov.bc.ca/pub/fidq/downloadBathymetricMap.do?filename=00225602.PDF
01476LCHL,https://a100.gov.bc.ca/pub/fidq/downloadBathymetricMap.do?filename=00168601.PDF
01476MUSK,https://a100.gov.bc.ca/pub/fidq/downloadBathymetricMap.do?filename=00200201.PDF
01476SAJR,https://a100.gov.bc.ca/pub/fidq/downloadBathymetricMap.do?filename=00253901.PDF
01486OKAN,https://a100.gov.bc.ca/pub/fidq/downloadBathymetricMap.do?filename=00139101.PDF
01490BLAR,https://a100.gov.bc.ca/pub/fidq/downloadBathymetricMap.do?filename=00117701.PDF
01492TWAC,https://a100.gov.bc.ca/pub/fidq/downloadBathymetricMap.do?filename=00115301.PDF
01496LCHR,https://a100.gov.bc.ca/pub/fidq/downloadBathymetricMap.do?filename=00211601.PDF
01496MURT,https://a100.gov.bc.ca/pub/fidq/downloadBathymetricMap.do?filename=00217401.PDF
01498LCHR,https://a100.gov.bc.ca/pub/fidq/downloadBathymetricMap.do?filename=00196701.PDF
01499BULK,https://a100.gov.bc.ca/pub/fidq/downloadBathymetricMap.do?filename=00247201.PDF
01499TASR,https://a100.gov.bc.ca/pub/fidq/downloadBathymetricMap.do?filename=00321501.PDF
01501LNTH,https://a100.gov.bc.ca/pub/fidq/downloadBathymetricMap.do?filename=00120901.PDF|https://a100.gov.bc.ca/pub/fidq/downloadBathymetricMap.do?filename=00337201.PDF
01501QUES,https://a100.gov.bc.ca/pub/fidq/downloadBathymetricMap.do?filename=00184501.PDF
01506NICL,https://a100.gov.bc.ca/pub/fidq/downloadBathymetricMap.do?filename=00294201.PDF
01509SEYM,https://a100.gov.bc.ca/pub/fidq/downloadBathymetricMap.do?filename=00309001.PDF
01511MUSK,https://a100.gov.bc.ca/pub/fidq/downloadBathymetricMap.do?filename=00234101.PDF
01513UEUT,https://a100.gov.bc.ca/pub/fidq/downloadBathymetricMap.do?filename=00148701.PDF|https://a100.gov.bc.ca/pub/fidq/downloadBathymetricMap.do?filename=00148702.PDF
01517MUSK,https://a100.gov.bc.ca/pub/fidq/downloadBathymetricMap.do?filename=00149301.PDF
01520NATR,https://a100.gov.bc.ca/pub/fidq/downloadBathymetricMap.do?filename=00067601.PDF
01521MUSK,https://a100.gov.bc.ca/pub/fidq/downloadBathymetricMap.do?filename=00140201.PDF
01522GRAI,https://a100.gov.bc.ca/pub/fidq/downloadBathymetricMap.do?filename=00183701.PDF|https://a100.gov.bc.ca/pub/fidq/downloadBathymetricMap.do?filename=00183702.PDF
01530LNTH,https://a100.gov.bc.ca/pub/fidq/downloadBathymetricMap.do?filename=00130201.PDF
01530OKAN,https://a100.gov.bc.ca/pub/fidq/downloadBathymetricMap.do?filename=00220201.PDF
01533USTK,https://a100.gov.bc.ca/pub/fidq/downloadBathymetricMap.do?filename=00071901.PDF
01534OKAN,https://a100.gov.bc.ca/pub/fidq/downloadBathymetricMap.do?filename=00330901.PDF|https://a100.gov.bc.ca/pub/fidq/downloadBathymetricMap.do?filename=00069601.PDF
01535NATR,https://a100.gov.bc.ca/pub/fidq/downloadBathymetricMap.do?filename=00195201.PDF
01537NARC,https://a100.gov.bc.ca/pub/fidq/downloadBathymetricMap.do?filename=00170901.PDF
01538SALR,https://a100.gov.bc.ca/pub/fidq/downloadBathymetricMap.do?filename=00034001.PDF
01539ALBN,https://a100.gov.bc.ca/pub/fidq/downloadBathymetricMap.do?filename=00222201.PDF
01539LNTH,https://a100.gov.bc.ca/pub/fidq/downloadBathymetricMap.do?filename=00133101.PDF|https://a100.gov.bc.ca/pub/fidq/downloadBathymetricMap.do?filename=00101601.PDF
01540SAJR,https://a100.gov.bc.ca/pub/fidq/downloadBathymetricMap.do?filename=00256101.PDF
01542LNTH,https://a100.gov.bc.ca/pub/fidq/downloadBathymetricMap.do?filename=00018101.PDF
01545FRAN,https://a100.gov.bc.ca/pub/fidq/downloadBathymetricMap.do?filename=00231101.PDF
01546SAJR,https://a100.gov.bc.ca/pub/fidq/downloadBathymetricMap.do?filename=00315501.PDF
01547ALBN,https://a100.gov.bc.ca/pub/fidq/downloadBathymetricMap.do?filename=00026401.PDF
01547LNTH,https://a100.gov.bc.ca/pub/fidq/downloadBathymetricMap.do?filename=00082701.PDF
01550OKAN,https://a100.gov.bc.ca/pub/fidq/downloadBathymetricMap.do?filename=00121401.PDF
01551LCHR,https://a100.gov.bc.ca/pub/fidq/downloadBathymetricMap.do?filename=00201101.PDF
01553SAJR,https://a100.gov.bc.ca/pub/fidq/downloadBathymetricMap.do?filename=00173001.PDF
01553UEUT,https://a100.gov.bc.ca/pub/fidq/downloadBathymetricMap.do?filename=00217101.PDF
01562HORS,https://a100.gov.bc.ca/pub/fidq/downloadBathymetricMap.do?filename=00041901.PDF|https://a100.gov.bc.ca/pub/fidq/downloadBathymetricMap.do?filename=00041902.PDF
01562MSTR,https://a100.gov.bc.ca/pub/fidq/downloadBathymetricMap.do?filename=00118501.PDF
01566LBTN,https://a100.gov.bc.ca/pub/fidq/downloadBathymetricMap.do?filename=00130301.PDF|https://a100.gov.bc.ca/pub/fidq/downloadBathymetricMap.do?filename=00236601.PDF|https://a100.gov.bc.ca/pub/fidq/downloadBathymetricMap.do?filename=00130302.PDF
01567SAJR,https://a100.gov.bc.ca/pub/fidq/downloadBathymetricMap.do?filename=00308901.PDF
01568TOOD,https://a100.gov.bc.ca/pub/fidq/downloadBathymetricMap.do?filename=00260601.PDF
01571QUES,https://a100.gov.bc.ca/pub/fidq/downloadBathymetricMap.do?filename=00230701.PDF
01575FRAN,https://a100.gov.bc.ca/pub/fidq/downloadBathymetricMap.do?filename=00211201.PDF
01578MAHD,https://a100.gov.bc.ca/pub/fidq/downloadBathymetricMap.do?filename=00258301.PDF
01580MORR,https://a100.gov.bc.ca/pub/fidq/downloadBathymetricMap.do?filename=00282601.PDF
01581HORS,https://a100.gov.bc.ca/pub/fidq/downloadBathymetricMap.do?filename=00313601.PDF
01581LTRE,https://a100.gov.bc.ca/pub/fidq/downloadBathymetricMap.do?filename=00221401.PDF|https://a100.gov.bc.ca/pub/fidq/downloadBathymetricMap.do?filename=00221402.PDF
01581MUSK,https://a100.gov.bc.ca/pub/fidq/downloadBathymetricMap.do?filename=00184701.PDF
01584LNTH,https://a100.gov.bc.ca/pub/fidq/downloadBathymetricMap.do?filename=00294701.PDF
01584QUES,https://a100.gov.bc.ca/pub/fidq/downloadBathymetricMap.do?filename=00168001.PDF
01585LNTH,https://a100.gov.bc.ca/pub/fidq/downloadBathymetricMap.do?filename=00294701.PDF
01591QUES,https://a100.gov.bc.ca/pub/fidq/downloadBathymetricMap.do?filename=00250501.PDF
01595OKAN,https://a100.gov.bc.ca/pub/fidq/downloadBathymetricMap.do?filename=00142601.PDF|https://a100.gov.bc.ca/pub/fidq/downloadBathymetricMap.do?filename=00202001.PDF
01595SALR,https://a100.gov.bc.ca/pub/fidq/downloadBathymetricMap.do?filename=00034001.PDF
01600FIRE,https://a100.gov.bc.ca/pub/fidq/downloadBathymetricMap.do?filename=00162401.PDF
01600STUL,https://a100.gov.bc.ca/pub/fidq/downloadBathymetricMap.do?filename=00259001.PDF
01602OKAN,https://a100.gov.bc.ca/pub/fidq/downloadBathymetricMap.do?filename=00180301.PDF
01603QUES,https://a100.gov.bc.ca/pub/fidq/downloadBathymetricMap.do?filename=00315001.PDF|https://a100.gov.bc.ca/pub/fidq/downloadBathymetricMap.do?filename=00315002.PDF
01604MAHD,https://a100.gov.bc.ca/pub/fidq/downloadBathymetricMap.do?filename=00037601.PDF
01610MAHD,https://a100.gov.bc.ca/pub/fidq/downloadBathymetricMap.do?filename=00203501.PDF
01612SIML,https://a100.gov.bc.ca/pub/fidq/downloadBathymetricMap.do?filename=00140901.PDF
01617OKAN,https://a100.gov.bc.ca/pub/fidq/downloadBathymetricMap.do?filename=00118401.PDF|https://a100.gov.bc.ca/pub/fidq/downloadBathymetricMap.do?filename=00234501.PDF
01621OKAN,https://a100.gov.bc.ca/pub/fidq/downloadBathymetricMap.do?filename=00167901.PDF
01622SIML,https://a100.gov.bc.ca/pub/fidq/downloadBathymetricMap.do?filename=00067701.PDF
01625SAJR,https://a100.gov.bc.ca/pub/fidq/downloadBathymetricMap.do?filename=00173701.PDF
01628MAHD,https://a100.gov.bc.ca/pub/fidq/downloadBathymetricMap.do?filename=00144201.PDF
01628TWAC,https://a100.gov.bc.ca/pub/fidq/downloadBathymetricMap.do?filename=00207301.PDF
01630LNTH,https://a100.gov.bc.ca/pub/fidq/downloadBathymetricMap.do?filename=00294701.PDF
01630NARC,https://a100.gov.bc.ca/pub/fidq/downloadBathymetricMap.do?filename=00288301.PDF|https://a100.gov.bc.ca/pub/fidq/downloadBathymetricMap.do?filename=00288302.PDF
01630QUES,https://a100.gov.bc.ca/pub/fidq/downloadBathymetricMap.do?filename=00198801.PDF|https://a100.gov.bc.ca/pub/fidq/downloadBathymetricMap.do?filename=00198802.PDF
01633QUES,https://a100.gov.bc.ca/pub/fidq/downloadBathymetricMap.do?filename=00225801.PDF
01636UEUT,https://a100.gov.bc.ca/pub/fidq/downloadBathymetricMap.do?filename=00125301.PDF
01641COTR,https://a100.gov.bc.ca/pub/fidq/downloadBathymetricMap.do?filename=00190401.PDF
01645UEUT,https://a100.gov.bc.ca/pub/fidq/downloadBathymetricMap.do?filename=00239201.PDF
01648TWAC,https://a100.gov.bc.ca/pub/fidq/downloadBathymetricMap.do?filename=00258901.PDF
01650SAJR,https://a100.gov.bc.ca/pub/fidq/downloadBathymetricMap.do?filename=00207501.PDF
01655SIML,https://a100.gov.bc.ca/pub/fidq/downloadBathymetricMap.do?filename=00092801.PDF
01655STUL,https://a100.gov.bc.ca/pub/fidq/downloadBathymetricMap.do?filename=00151201.PDF
01656ALBN,https://a100.gov.bc.ca/pub/fidq/downloadBathymetricMap.do?filename=00104701.PDF
01658BULK,https://a100.gov.bc.ca/pub/fidq/downloadBathymetricMap.do?filename=00241001.PDF
01659SIML,https://a100.gov.bc.ca/pub/fidq/downloadBathymetricMap.do?filename=00091001.PDF
01662GRNL,https://a100.gov.bc.ca/pub/fidq/downloadBathymetricMap.do?filename=00200001.PDF|https://a100.gov.bc.ca/pub/fidq/downloadBathymetricMap.do?filename=00200002.PDF
01664SAJR,https://a100.gov.bc.ca/pub/fidq/downloadBathymetricMap.do?filename=00237601.PDF
01667QUES,https://a100.gov.bc.ca/pub/fidq/downloadBathymetricMap.do?filename=00129601.PDF
01667SIML,https://a100.gov.bc.ca/pub/fidq/downloadBathymetricMap.do?filename=00268601.PDF
01674QUES,https://a100.gov.bc.ca/pub/fidq/downloadBathymetricMap.do?filename=00206201.PDF
01675MAHD,https://a100.gov.bc.ca/pub/fidq/downloadBathymetricMap.do?filename=00264101.PDF
01676MORR,https://a100.gov.bc.ca/pub/fidq/downloadBathymetricMap.do?filename=00285401.PDF|https://a100.gov.bc.ca/pub/fidq/downloadBathymetricMap.do?filename=00285402.PDF
01680BULK,https://a100.gov.bc.ca/pub/fidq/downloadBathymetricMap.do?filename=00234201.PDF
01682NARC,https://a100.gov.bc.ca/pub/fidq/downloadBathymetricMap.do?filename=00142501.PDF
01683QUES,https://a100.gov.bc.ca/pub/fidq/downloadBathymetricMap.do?filename=00230801.PDF
01683TUYR,https://a100.gov.bc.ca/pub/fidq/downloadBathymetricMap.do?filename=00219201.PDF|https://a100.gov.bc.ca/pub/fidq/downloadBathymetricMap.do?filename=00219202.PDF
01683UDEN,https://a100.gov.bc.ca/pub/fidq/downloadBathymetricMap.do?filename=00193101.PDF|https://a100.gov.bc.ca/pub/fidq/downloadBathymetricMap.do?filename=00193102.PDF
01686SALR,https://a100.gov.bc.ca/pub/fidq/downloadBathymetricMap.do?filename=00167601.PDF
01689LNRS,https://a100.gov.bc.ca/pub/fidq/downloadBathymetricMap.do?filename=00281301.PDF
01691BLAR,https://a100.gov.bc.ca/pub/fidq/downloadBathymetricMap.do?filename=00027901.PDF
01694ALBN,https://a100.gov.bc.ca/pub/fidq/downloadBathymetricMap.do?filename=00072901.PDF
01695LNTH,https://a100.gov.bc.ca/pub/fidq/downloadBathymetricMap.do?filename=00293401.PDF|https://a100.gov.bc.ca/pub/fidq/downloadBathymetricMap.do?filename=00119401.PDF|https://a100.gov.bc.ca/pub/fidq/downloadBathymetricMap.do?filename=00332101.PDF
01695QUES,https://a100.gov.bc.ca/pub/fidq/downloadBathymetricMap.do?filename=00114101.PDF
01696GRAI,https://a100.gov.bc.ca/pub/fidq/downloadBathymetricMap.do?filename=00193901.PDF
01697GRAI,https://a100.gov.bc.ca/pub/fidq/downloadBathymetricMap.do?filename=00138001.PDF
01699OKAN,https://a100.gov.bc.ca/pub/fidq/downloadBathymetricMap.do?filename=00148201.PDF|https://a100.gov.bc.ca/pub/fidq/downloadBathymetricMap.do?filename=00147701.PDF|https://a100.gov.bc.ca/pub/fidq/downloadBathymetricMap.do?filename=00147702.PDF
01701GRAI,https://a100.gov.bc.ca/pub/fidq/downloadBathymetricMap.do?filename=00295601.PDF
01702GRAI,https://a100.gov.bc.ca/pub/fidq/downloadBathymetricMap.do?filename=00138301.PDF
01702HORS,https://a100.gov.bc.ca/pub/fidq/downloadBathymetricMap.do?filename=00182801.PDF
01703GRAI,https://a100.gov.bc.ca/pub/fidq/downloadBathymetricMap.do?filename=00205901.PDF
01703LNTH,https://a100.gov.bc.ca/pub/fidq/downloadBathymetricMap.do?filename=00337301.PDF|https://a100.gov.bc.ca/pub/fidq/downloadBathymetricMap.do?filename=00337302.PDF|https://a100.gov.bc.ca/pub/fidq/downloadBathymetricMap.do?filename=00312501.PDF
01705NATR,https://a100.gov.bc.ca/pub/fidq/downloadBathymetricMap.do?filename=00047801.PDF
01705UFRT,https://a100.gov.bc.ca/pub/fidq/downloadBathymetricMap.do?filename=00057901.PDF
01707UFRT,https://a100.gov.bc.ca/pub/fidq/downloadBathymetricMap.do?filename=00272301.PDF
01709LNTH,https://a100.gov.bc.ca/pub/fidq/downloadBathymetricMap.do?filename=00296201.PDF|https://a100.gov.bc.ca/pub/fidq/downloadBathymetricMap.do?filename=00196901.PDF
01710QUES,https://a100.gov.bc.ca/pub/fidq/downloadBathymetricMap.do?filename=00315001.PDF|https://a100.gov.bc.ca/pub/fidq/downloadBathymetricMap.do?filename=00315002.PDF
01713LNTH,https://a100.gov.bc.ca/pub/fidq/downloadBathymetricMap.do?filename=00216101.PDF
01724STUL,https://a100.gov.bc.ca/pub/fidq/downloadBathymetricMap.do?filename=00278301.PDF
01729QUES,https://a100.gov.bc.ca/pub/fidq/downloadBathymetricMap.do?filename=00084001.PDF
01733DEAL,https://a100.gov.bc.ca/pub/fidq/downloadBathymetricMap.do?filename=00179101.PDF
01736QUES,https://a100.gov.bc.ca/pub/fidq/downloadBathymetricMap.do?filename=00112701.PDF
01738BULK,https://a100.gov.bc.ca/pub/fidq/downloadBathymetricMap.do?filename=00181301.PDF
01742MORR,https://a100.gov.bc.ca/pub/fidq/downloadBathymetricMap.do?filename=00217001.PDF|https://a100.gov.bc.ca/pub/fidq/downloadBathymetricMap.do?filename=00217002.PDF
01742NECR,https://a100.gov.bc.ca/pub/fidq/downloadBathymetricMap.do?filename=00115901.PDF
01744STUL,https://a100.gov.bc.ca/pub/fidq/downloadBathymetricMap.do?filename=00129401.PDF
01745GRAI,https://a100.gov.bc.ca/pub/fidq/downloadBathymetricMap.do?filename=00227801.PDF
01749OKAN,https://a100.gov.bc.ca/pub/fidq/downloadBathymetricMap.do?filename=00267701.PDF
01751OKAN,https://a100.gov.bc.ca/pub/fidq/downloadBathymetricMap.do?filename=00040901.PDF
01752BABL,https://a100.gov.bc.ca/pub/fidq/downloadBathymetricMap.do?filename=00190701.PDF
01753OKAN,https://a100.gov.bc.ca/pub/fidq/downloadBathymetricMap.do?filename=00040901.PDF
01758UEUT,https://a100.gov.bc.ca/pub/fidq/downloadBathymetricMap.do?filename=00220901.PDF
01760QUES,https://a100.gov.bc.ca/pub/fidq/downloadBathymetricMap.do?filename=00166401.PDF
01769SAJR,https://a100.gov.bc.ca/pub/fidq/downloadBathymetricMap.do?filename=00293001.PDF|https://a100.gov.bc.ca/pub/fidq/downloadBathymetricMap.do?filename=00293002.PDF
01772FRAN,https://a100.gov.bc.ca/pub/fidq/downloadBathymetricMap.do?filename=00275001.PDF
01773TWAC,https://a100.gov.bc.ca/pub/fidq/downloadBathymetricMap.do?filename=00202601.PDF
01798NATR,https://a100.gov.bc.ca/pub/fidq/downloadBathymetricMap.do?filename=00316001.PDF
01800NATR,https://a100.gov.bc.ca/pub/fidq/downloadBathymetricMap.do?filename=00163001.PDF
01800QUES,https://a100.gov.bc.ca/pub/fidq/downloadBathymetricMap.do?filename=00315001.PDF|https://a100.gov.bc.ca/pub/fidq/downloadBathymetricMap.do?filename=00315002.PDF
01806MAHD,https://a100.gov.bc.ca/pub/fidq/downloadBathymetricMap.do?filename=00095401.PDF
01815UEUT,https://a100.gov.bc.ca/pub/fidq/downloadBathymetricMap.do?filename=00018501.PDF
01824MAHD,https://a100.gov.bc.ca/pub/fidq/downloadBathymetricMap.do?filename=00178401.PDF
01826GRNL,https://a100.gov.bc.ca/pub/fidq/downloadBathymetricMap.do?filename=00214401.PDF
01828FRAN,https://a100.gov.bc.ca/pub/fidq/downloadBathymetricMap.do?filename=00225101.PDF|https://a100.gov.bc.ca/pub/fidq/downloadBathymetricMap.do?filename=00225102.PDF
01835QUES,https://a100.gov.bc.ca/pub/fidq/downloadBathymetricMap.do?filename=00092001.PDF
01835STUL,https://a100.gov.bc.ca/pub/fidq/downloadBathymetricMap.do?filename=00182201.PDF
01839BABL,https://a100.gov.bc.ca/pub/fidq/downloadBathymetricMap.do?filename=00286801.PDF|https://a100.gov.bc.ca/pub/fidq/downloadBathymetricMap.do?filename=00286802.PDF
01841NATR,https://a100.gov.bc.ca/pub/fidq/downloadBathymetricMap.do?filename=00226701.PDF
01846NARC,https://a100.gov.bc.ca/pub/fidq/downloadBathymetricMap.do?filename=00210001.PDF
01846SALR,https://a100.gov.bc.ca/pub/fidq/downloadBathymetricMap.do?filename=00076401.PDF
01850CLWR,https://a100.gov.bc.ca/pub/fidq/downloadBathymetricMap.do?filename=00341501.PDF
01855NICL,https://a100.gov.bc.ca/pub/fidq/downloadBathymetricMap.do?filename=00036901.PDF|https://a100.gov.bc.ca/pub/fidq/downloadBathymetricMap.do?filename=00037001.PDF
01859SAJR,https://a100.gov.bc.ca/pub/fidq/downloadBathymetricMap.do?filename=00150701.PDF
01859SALR,https://a100.gov.bc.ca/pub/fidq/downloadBathymetricMap.do?filename=00167601.PDF
01860CLWR,https://a100.gov.bc.ca/pub/fidq/downloadBathymetricMap.do?filename=00342101.PDF
01860LCHR,https://a100.gov.bc.ca/pub/fidq/downloadBathymetricMap.do?filename=00181101.PDF
01862BABL,https://a100.gov.bc.ca/pub/fidq/downloadBathymetricMap.do?filename=00292401.PDF|https://a100.gov.bc.ca/pub/fidq/downloadBathymetricMap.do?filename=00292402.PDF
01862MFRA,https://a100.gov.bc.ca/pub/fidq/downloadBathymetricMap.do?filename=00212201.PDF
01870QUES,https://a100.gov.bc.ca/pub/fidq/downloadBathymetricMap.do?filename=00293601.PDF|https://a100.gov.bc.ca/pub/fidq/downloadBathymetricMap.do?filename=00293602.PDF
01875CLWR,https://a100.gov.bc.ca/pub/fidq/downloadBathymetricMap.do?filename=00057701.PDF
01876CLWR,https://a100.gov.bc.ca/pub/fidq/downloadBathymetricMap.do?filename=00341701.PDF
01879SAJR,https://a100.gov.bc.ca/pub/fidq/downloadBathymetricMap.do?filename=00217501.PDF
01895FRAN,https://a100.gov.bc.ca/pub/fidq/downloadBathymetricMap.do?filename=00233001.PDF
01895MAHD,https://a100.gov.bc.ca/pub/fidq/downloadBathymetricMap.do?filename=00305101.PDF
01900FRAN,https://a100.gov.bc.ca/pub/fidq/downloadBathymetricMap.do?filename=00146401.PDF
01900NICL,https://a100.gov.bc.ca/pub/fidq/downloadBathymetricMap.do?filename=00136301.PDF
01902LCHR,https://a100.gov.bc.ca/pub/fidq/downloadBathymetricMap.do?filename=00357901.PDF
01902NICL,https://a100.gov.bc.ca/pub/fidq/downloadBathymetricMap.do?filename=00341101.PDF
01906MAHD,https://a100.gov.bc.ca/pub/fidq/downloadBathymetricMap.do?filename=00273601.PDF
01908BULK,https://a100.gov.bc.ca/pub/fidq/downloadBathymetricMap.do?filename=00120201.PDF
01908MAHD,https://a100.gov.bc.ca/pub/fidq/downloadBathymetricMap.do?filename=00025501.PDF
01908UCHR,https://a100.gov.bc.ca/pub/fidq/downloadBathymetricMap.do?filename=00201201.PDF
01915NICL,https://a100.gov.bc.ca/pub/fidq/downloadBathymetricMap.do?filename=00112401.PDF
01915QUES,https://a100.gov.bc.ca/pub/fidq/downloadBathymetricMap.do?filename=00251601.PDF
01929QUES,https://a100.gov.bc.ca/pub/fidq/downloadBathymetricMap.do?filename=00258801.PDF
01931FRAN,https://a100.gov.bc.ca/pub/fidq/downloadBathymetricMap.do?filename=00228601.PDF
01932ALBN,https://a100.gov.bc.ca/pub/fidq/downloadBathymetricMap.do?filename=00204201.PDF
01934TESR,https://a100.gov.bc.ca/pub/fidq/downloadBathymetricMap.do?filename=00199101.PDF
01936UEUT,https://a100.gov.bc.ca/pub/fidq/downloadBathymetricMap.do?filename=00277001.PDF
01941UCHR,https://a100.gov.bc.ca/pub/fidq/downloadBathymetricMap.do?filename=00149501.PDF|https://a100.gov.bc.ca/pub/fidq/downloadBathymetricMap.do?filename=00149502.PDF
01946LCHR,https://a100.gov.bc.ca/pub/fidq/downloadBathymetricMap.do?filename=00243501.PDF
01948BULK,https://a100.gov.bc.ca/pub/fidq/downloadBathymetricMap.do?filename=00252701.PDF
01950ALBN,https://a100.gov.bc.ca/pub/fidq/downloadBathymetricMap.do?filename=00065101.PDF
01951ALBN,https://a100.gov.bc.ca/pub/fidq/downloadBathymetricMap.do?filename=00209101.PDF
01951QUES,https://a100.gov.bc.ca/pub/fidq/downloadBathymetricMap.do?filename=00325601.PDF
01957ALBN,https://a100.gov.bc.ca/pub/fidq/downloadBathymetricMap.do?filename=00136001.PDF
01959ALBN,https://a100.gov.bc.ca/pub/fidq/downloadBathymetricMap.do?filename=00343101.PDF
01959NECR,https://a100.gov.bc.ca/pub/fidq/downloadBathymetricMap.do?filename=00271001.PDF
01959QUES,https://a100.gov.bc.ca/pub/fidq/downloadBathymetricMap.do?filename=00275801.PDF
01960BABR,https://a100.gov.bc.ca/pub/fidq/downloadBathymetricMap.do?filename=00217701.PDF
01963ALBN,https://a100.gov.bc.ca/pub/fidq/downloadBathymetricMap.do?filename=00144301.PDF
01965ALBN,https://a100.gov.bc.ca/pub/fidq/downloadBathymetricMap.do?filename=00029901.PDF
01965QUES,https://a100.gov.bc.ca/pub/fidq/downloadBathymetricMap.do?filename=00229801.PDF
01968ALBN,https://a100.gov.bc.ca/pub/fidq/downloadBathymetricMap.do?filename=00343101.PDF
01970SAJR,https://a100.gov.bc.ca/pub/fidq/downloadBathymetricMap.do?filename=00156401.PDF
01973NARC,https://a100.gov.bc.ca/pub/fidq/downloadBathymetricMap.do?filename=00169901.PDF
01973QUES,https://a100.gov.bc.ca/pub/fidq/downloadBathymetricMap.do?filename=00246301.PDF
01976QUES,https://a100.gov.bc.ca/pub/fidq/downloadBathymetricMap.do?filename=00031401.PDF
01977ALBN,https://a100.gov.bc.ca/pub/fidq/downloadBathymetricMap.do?filename=00021201.PDF
01978NICL,https://a100.gov.bc.ca/pub/fidq/downloadBathymetricMap.do?filename=00278701.PDF|https://a100.gov.bc.ca/pub/fidq/downloadBathymetricMap.do?filename=00036601.PDF
01978QUES,https://a100.gov.bc.ca/pub/fidq/downloadBathymetricMap.do?filename=00246801.PDF
01980UEUT,https://a100.gov.bc.ca/pub/fidq/downloadBathymetricMap.do?filename=00150101.PDF|https://a100.gov.bc.ca/pub/fidq/downloadBathymetricMap.do?filename=00150102.PDF|https://a100.gov.bc.ca/pub/fidq/downloadBathymetricMap.do?filename=00150103.PDF
01982NICL,https://a100.gov.bc.ca/pub/fidq/downloadBathymetricMap.do?filename=00115001.PDF
01988MAHD,https://a100.gov.bc.ca/pub/fidq/downloadBathymetricMap.do?filename=00128701.PDF
01997QUES,https://a100.gov.bc.ca/pub/fidq/downloadBathymetricMap.do?filename=00171801.PDF
02005UNRS,https://a100.gov.bc.ca/pub/fidq/downloadBathymetricMap.do?filename=00284101.PDF
02006SALR,https://a100.gov.bc.ca/pub/fidq/downloadBathymetricMap.do?filename=00169301.PDF
02007UCHR,https://a100.gov.bc.ca/pub/fidq/downloadBathymetricMap.do?filename=00031501.PDF
02012SAJR,https://a100.gov.bc.ca/pub/fidq/downloadBathymetricMap.do?filename=00009001.PDF
02024STUL,https://a100.gov.bc.ca/pub/fidq/downloadBathymetricMap.do?filename=00168201.PDF
02026MORR,https://a100.gov.bc.ca/pub/fidq/downloadBathymetricMap.do?filename=00332301.PDF|https://a100.gov.bc.ca/pub/fidq/downloadBathymetricMap.do?filename=00332302.PDF
02030QUES,https://a100.gov.bc.ca/pub/fidq/downloadBathymetricMap.do?filename=00056201.PDF
02038MAHD,https://a100.gov.bc.ca/pub/fidq/downloadBathymetricMap.do?filename=00258001.PDF
02040QUES,https://a100.gov.bc.ca/pub/fidq/downloadBathymetricMap.do?filename=00173201.PDF
02050UEUT,https://a100.gov.bc.ca/pub/fidq/downloadBathymetricMap.do?filename=00174401.PDF
02052MAHD,https://a100.gov.bc.ca/pub/fidq/downloadBathymetricMap.do?filename=00250001.PDF
02062MAHD,https://a100.gov.bc.ca/pub/fidq/downloadBathymetricMap.do?filename=00058201.PDF|https://a100.gov.bc.ca/pub/fidq/downloadBathymetricMap.do?filename=00065301.PDF
02064QUES,https://a100.gov.bc.ca/pub/fidq/downloadBathymetricMap.do?filename=00146801.PDF
02068NECR,https://a100.gov.bc.ca/pub/fidq/downloadBathymetricMap.do?filename=00061701.PDF
02069FRAN,https://a100.gov.bc.ca/pub/fidq/downloadBathymetricMap.do?filename=00210701.PDF
02076QUES,https://a100.gov.bc.ca/pub/fidq/downloadBathymetricMap.do?filename=00139501.PDF
02080SALR,https://a100.gov.bc.ca/pub/fidq/downloadBathymetricMap.do?filename=00159701.PDF
02082SAJR,https://a100.gov.bc.ca/pub/fidq/downloadBathymetricMap.do?filename=00145901.PDF
02087STUL,https://a100.gov.bc.ca/pub/fidq/downloadBathymetricMap.do?filename=00187701.PDF
02091FRAN,https://a100.gov.bc.ca/pub/fidq/downloadBathymetricMap.do?filename=00231401.PDF
02091SALR,https://a100.gov.bc.ca/pub/fidq/downloadBathymetricMap.do?filename=00160601.PDF
02091UEUT,https://a100.gov.bc.ca/pub/fidq/downloadBathymetricMap.do?filename=00189401.PDF
02092QUES,https://a100.gov.bc.ca/pub/fidq/downloadBathymetricMap.do?filename=00139401.PDF
02094LRAN,https://a100.gov.bc.ca/pub/fidq/downloadBathymetricMap.do?filename=00358501.PDF
02099QUES,https://a100.gov.bc.ca/pub/fidq/downloadBathymetricMap.do?filename=00275501.PDF
02116SAJR,https://a100.gov.bc.ca/pub/fidq/downloadBathymetricMap.do?filename=00147201.PDF
02117QUES,https://a100.gov.bc.ca/pub/fidq/downloadBathymetricMap.do?filename=00228501.PDF
02124QUES,https://a100.gov.bc.ca/pub/fidq/downloadBathymetricMap.do?filename=00282301.PDF
02130QUES,https://a100.gov.bc.ca/pub/fidq/downloadBathymetricMap.do?filename=00061201.PDF
02159BABL,https://a100.gov.bc.ca/pub/fidq/downloadBathymetricMap.do?filename=00285501.PDF|https://a100.gov.bc.ca/pub/fidq/downloadBathymetricMap.do?filename=00285502.PDF
02163NAZR,https://a100.gov.bc.ca/pub/fidq/downloadBathymetricMap.do?filename=00192701.PDF
02183QUES,https://a100.gov.bc.ca/pub/fidq/downloadBathymetricMap.do?filename=00181401.PDF
02191STUL,https://a100.gov.bc.ca/pub/fidq/downloadBathymetricMap.do?filename=00180801.PDF
02197QUES,https://a100.gov.bc.ca/pub/fidq/downloadBathymetricMap.do?filename=00218601.PDF
02200QUES,https://a100.gov.bc.ca/pub/fidq/downloadBathymetricMap.do?filename=00142701.PDF
02211SAJR,https://a100.gov.bc.ca/pub/fidq/downloadBathymetricMap.do?filename=00130501.PDF
02219QUES,https://a100.gov.bc.ca/pub/fidq/downloadBathymetricMap.do?filename=00231201.PDF
02233QUES,https://a100.gov.bc.ca/pub/fidq/downloadBathymetricMap.do?filename=00264201.PDF|https://a100.gov.bc.ca/pub/fidq/downloadBathymetricMap.do?filename=00079901.PDF
02235SAJR,https://a100.gov.bc.ca/pub/fidq/downloadBathymetricMap.do?filename=00319201.PDF
02238SAJR,https://a100.gov.bc.ca/pub/fidq/downloadBathymetricMap.do?filename=00319201.PDF
02249NECR,https://a100.gov.bc.ca/pub/fidq/downloadBathymetricMap.do?filename=00077901.PDF
02257BABL,https://a100.gov.bc.ca/pub/fidq/downloadBathymetricMap.do?filename=00198701.PDF|https://a100.gov.bc.ca/pub/fidq/downloadBathymetricMap.do?filename=00198702.PDF
02263BABR,https://a100.gov.bc.ca/pub/fidq/downloadBathymetricMap.do?filename=00226901.PDF
02280QUES,https://a100.gov.bc.ca/pub/fidq/downloadBathymetricMap.do?filename=00019801.PDF
02283STUL,https://a100.gov.bc.ca/pub/fidq/downloadBathymetricMap.do?filename=00317501.PDF
02288FRAN,https://a100.gov.bc.ca/pub/fidq/downloadBathymetricMap.do?filename=00171601.PDF
02290BABL,https://a100.gov.bc.ca/pub/fidq/downloadBathymetricMap.do?filename=00076501.PDF
02322LCHR,https://a100.gov.bc.ca/pub/fidq/downloadBathymetricMap.do?filename=00358001.PDF
02322SAJR,https://a100.gov.bc.ca/pub/fidq/downloadBathymetricMap.do?filename=00045501.PDF
02335NAHR,https://a100.gov.bc.ca/pub/fidq/downloadBathymetricMap.do?filename=00235001.PDF
02341BABL,https://a100.gov.bc.ca/pub/fidq/downloadBathymetricMap.do?filename=00192801.PDF
02382NAZR,https://a100.gov.bc.ca/pub/fidq/downloadBathymetricMap.do?filename=00314501.PDF
02388SAJR,https://a100.gov.bc.ca/pub/fidq/downloadBathymetricMap.do?filename=00231301.PDF
02394QUES,https://a100.gov.bc.ca/pub/fidq/downloadBathymetricMap.do?filename=00110901.PDF
02402QUES,https://a100.gov.bc.ca/pub/fidq/downloadBathymetricMap.do?filename=00009501.PDF
02412NARC,https://a100.gov.bc.ca/pub/fidq/downloadBathymetricMap.do?filename=00192101.PDF
02415NARC,https://a100.gov.bc.ca/pub/fidq/downloadBathymetricMap.do?filename=00307201.PDF
02420QUES,https://a100.gov.bc.ca/pub/fidq/downloadBathymetricMap.do?filename=00048101.PDF
02425BABL,https://a100.gov.bc.ca/pub/fidq/downloadBathymetricMap.do?filename=00131601.PDF
02431BABL,https://a100.gov.bc.ca/pub/fidq/downloadBathymetricMap.do?filename=00283401.PDF
02437UEUT,https://a100.gov.bc.ca/pub/fidq/downloadBathymetricMap.do?filename=00180401.PDF
02452BABL,https://a100.gov.bc.ca/pub/fidq/downloadBathymetricMap.do?filename=00224601.PDF
02460BABL,https://a100.gov.bc.ca/pub/fidq/downloadBathymetricMap.do?filename=00054701.PDF
02472BABL,https://a100.gov.bc.ca/pub/fidq/downloadBathymetricMap.do?filename=00101001.PDF
02474QUES,https://a100.gov.bc.ca/pub/fidq/downloadBathymetricMap.do?filename=00230601.PDF
02504BABL,https://a100.gov.bc.ca/pub/fidq/downloadBathymetricMap.do?filename=00219301.PDF|https://a100.gov.bc.ca/pub/fidq/downloadBathymetricMap.do?filename=00219302.PDF
02507BABL,https://a100.gov.bc.ca/pub/fidq/downloadBathymetricMap.do?filename=00151501.PDF
02513NECR,https://a100.gov.bc.ca/pub/fidq/downloadBathymetricMap.do?filename=00277101.PDF
02518UEUT,https://a100.gov.bc.ca/pub/fidq/downloadBathymetricMap.do?filename=00216901.PDF
02529BABL,https://a100.gov.bc.ca/pub/fidq/downloadBathymetricMap.do?filename=00193701.PDF
02532NAZR,https://a100.gov.bc.ca/pub/fidq/downloadBathymetricMap.do?filename=00295501.PDF
02545LCHR,https://a100.gov.bc.ca/pub/fidq/downloadBathymetricMap.do?filename=00144501.PDF
02550UEUT,https://a100.gov.bc.ca/pub/fidq/downloadBathymetricMap.do?filename=00121501.PDF
02566UEUT,https://a100.gov.bc.ca/pub/fidq/downloadBathymetricMap.do?filename=00251001.PDF
02584BABL,https://a100.gov.bc.ca/pub/fidq/downloadBathymetricMap.do?filename=00071801.PDF
02585LCHR,https://a100.gov.bc.ca/pub/fidq/downloadBathymetricMap.do?filename=00144601.PDF
02610LCHR,https://a100.gov.bc.ca/pub/fidq/downloadBathymetricMap.do?filename=00282001.PDF
02660LCHR,https://a100.gov.bc.ca/pub/fidq/downloadBathymetricMap.do?filename=00128601.PDF
02709LCHR,https://a100.gov.bc.ca/pub/fidq/downloadBathymetricMap.do?filename=00128601.PDF
02721BABL,https://a100.gov.bc.ca/pub/fidq/downloadBathymetricMap.do?filename=00292901.PDF|https://a100.gov.bc.ca/pub/fidq/downloadBathymetricMap.do?filename=00292902.PDF
02764LCHR,https://a100.gov.bc.ca/pub/fidq/downloadBathymetricMap.do?filename=00204601.PDF
02795BABL,https://a100.gov.bc.ca/pub/fidq/downloadBathymetricMap.do?filename=00165801.PDF
02816LCHR,https://a100.gov.bc.ca/pub/fidq/downloadBathymetricMap.do?filename=00038101.PDF
02951LCHR,https://a100.gov.bc.ca/pub/fidq/downloadBathymetricMap.do?filename=00042701.PDF
